{
  "accuracy_by_iteration": [
    0.5,
    0.49,
    0.5,
    0.5
  ],
  "best_accuracy_by_iteration": [
    0.5,
    0.52,
    0.54,
    0.56
  ],
  "conditional_probabilities": [
    {
      "iteration": 2,
      "P(correct_i+1|correct_i)": 0.94,
      "P(correct_i+1|incorrect_i)": 0.04,
      "correct_to_correct": 47,
      "correct_to_incorrect": 3,
      "incorrect_to_correct": 2,
      "incorrect_to_incorrect": 48
    },
    {
      "iteration": 3,
      "P(correct_i+1|correct_i)": 0.9795918367346939,
      "P(correct_i+1|incorrect_i)": 0.0392156862745098,
      "correct_to_correct": 48,
      "correct_to_incorrect": 1,
      "incorrect_to_correct": 2,
      "incorrect_to_incorrect": 49
    },
    {
      "iteration": 4,
      "P(correct_i+1|correct_i)": 0.94,
      "P(correct_i+1|incorrect_i)": 0.06,
      "correct_to_correct": 47,
      "correct_to_incorrect": 3,
      "incorrect_to_correct": 3,
      "incorrect_to_incorrect": 47
    }
  ],
  "total_examples": 100,
  "max_iterations": 4,
  "improved_examples": [
    {
      "example_id": 2,
      "iteration": 2,
      "example": {
        "question": "Which of the following processes is not used to modify protein structure after translation has occurred?",
        "subject": "college_medicine",
        "choices": [
          "Lipidation.",
          "Attachment of more amino acids via peptide bonds.",
          "Glycosylation.",
          "Phosphorylation."
        ],
        "answer": 1
      },
      "previous": {
        "iteration": 1,
        "type": "draft",
        "response": "The answer is (C), where C is Glycosylation. \n\nGlycosylation refers to the addition of sugar molecules to proteins, which is a process that modifies protein structure after translation. Therefore, it is not the process that modifies protein structure after translation has occurred.",
        "parsed_answer": "C",
        "correct": false
      },
      "current": {
        "iteration": 2,
        "type": "refine",
        "feedback": "The answer is (C), where C is Glycosylation. \n\n**Analysis:**  \nGlycosylation refers to the addition of sugar molecules to proteins, which is a process that modifies protein structure after translation. Therefore, it is not the process that modifies protein structure after translation has occurred.\n\n**Feedback:**  \nThe answer is **incorrect**. Glycosylation is a process that modifies protein structure **before** translation. The correct answer should be **(B)**, where B is Attachment of more amino acids via peptide bonds. This process occurs during **translation** and modifies protein structure. \n\n**Correct answer:** (B)",
        "response": "The answer is (B), where B is Attachment of more amino acids via peptide bonds. This process occurs during **translation** and modifies protein structure.",
        "parsed_answer": "B",
        "correct": true
      }
    },
    {
      "example_id": 19,
      "iteration": 2,
      "example": {
        "question": "Which of the following is not an amino acid?",
        "subject": "college_medicine",
        "choices": [
          "Glutamic acid",
          "Aspartic acid",
          "Glutamine",
          "Palmitic acid"
        ],
        "answer": 3
      },
      "previous": {
        "iteration": 1,
        "type": "draft",
        "response": "The answer is (C), where C is Glutamine.",
        "parsed_answer": "C",
        "correct": false
      },
      "current": {
        "iteration": 2,
        "type": "refine",
        "feedback": "The answer is (C), where C is Glutamine.\n\n**Analysis:**\n\n1. **Is the medical reasoning correct?**  \n   The question asks which is **not** an amino acid. Amino acids are organic compounds containing the amino group (-NH\u2082) and the carboxyl group (-COOH). Among the options, **glutamine** is indeed an amino acid (it is a nitrogen-containing compound). Therefore, the reasoning is incorrect.\n\n2. **Is the selected option accurate based on medical knowledge?**  \n   The correct answer is **D. Palmitic acid**, which is a **saturated fatty acid** and not an amino acid. This option is correct.\n\n3. **Are there any logical errors or misconceptions?**  \n   The reasoning is flawed because the question is asking for a substance that is **not** an amino acid, and **glutamine** is an amino acid. The selected option (C) is incorrect.\n\n4. **What evidence supports or contradicts this answer?**  \n   The correct answer is **D**, as palmitic acid is a fatty acid and not an amino acid. The reasoning provided is incorrect.",
        "response": "The answer is (D), where D is Palmitic acid.",
        "parsed_answer": "D",
        "correct": true
      }
    },
    {
      "example_id": 25,
      "iteration": 3,
      "example": {
        "question": "Which of the following statements is false?",
        "subject": "college_medicine",
        "choices": [
          "Ammonia is produced in repeated high intensity exercise.",
          "Muscle lactate accumulation does not begin until at least 5 seconds of intermittent muscle contractions have taken place.",
          "Muscle phosphocreatine depletion begins in the first few seconds of high intensity exercise.",
          "With an increasing number of repeated sprints the rate of accumulation of lactate in muscle declines."
        ],
        "answer": 1
      },
      "previous": {
        "iteration": 2,
        "type": "refine",
        "feedback": "The answer is (D), where D is one of A, B, C, or D.\n\nThe statement that is false is:  \n**D. With an increasing number of repeated sprints the rate of accumulation of lactate in muscle declines.**\n\nThis is incorrect because repeated sprints do **not** decrease lactate accumulation; instead, lactate accumulation increases. This is a common misconception in physiology, as lactate is produced more during high-intensity exercise and is more likely to accumulate over time.\n\n### Analysis:\n1. **Medical reasoning**: The statements A, B, and C are all based on well-established physiological principles.\n2. **Selected option accuracy**: Option D is false and contradicts known scientific knowledge about lactate accumulation.\n3. **Logical errors**: There is no logical error in the reasoning; the statement is clearly false.\n4. **Evidence**: Lactate accumulation increases with the duration of high-intensity exercise, not with the number of repeated sprints.\n\nThe answer is (D).",
        "response": "The answer is (D), where D is one of A, B, C, or D.  \n\nThe statement that is false is:  \n**D. With an increasing number of repeated sprints the rate of accumulation of lactate in muscle declines.**  \n\nThis is incorrect because repeated sprints do **not** decrease lactate accumulation; instead, lactate accumulation increases. This is a common misconception in physiology, as lactate is produced more during high-intensity exercise and is more likely to accumulate over time.",
        "parsed_answer": "D",
        "correct": false
      },
      "current": {
        "iteration": 3,
        "type": "refine",
        "feedback": "The answer is (D), where D is one of A, B, C, or D.  \n\nThe statement that is false is:  \n**D. With an increasing number of repeated sprints the rate of accumulation of lactate in muscle declines.**  \n\nThis is incorrect because lactate accumulation increases with the number of repeated sprints. Lactate is produced more during high-intensity exercise and is more likely to accumulate over time, not decrease. This is a common misconception in physiology.  \n\n**Feedback:**  \nThe feedback is constructive and provides specific, actionable improvements. It clarifies the false statement and explains why it is incorrect, helping to improve the quality of the answer.",
        "response": "The answer is (B), where B is one of A, B, C, or D.  \n\nThe statement that is false is:  \n**B. Muscle lactate accumulation does not begin until at least 5 seconds of intermittent muscle contractions have taken place.**  \n\nThis is incorrect. Muscle lactate accumulation does begin within 5 seconds of intermittent muscle contractions, and it continues to accumulate over time. This is a common misconception in physiology, as lactate is produced more during high-intensity exercise and is more likely to accumulate over time.",
        "parsed_answer": "B",
        "correct": true
      }
    },
    {
      "example_id": 39,
      "iteration": 3,
      "example": {
        "question": "A 22-year-old woman comes to the office because of a 3-day history of cold symptoms and a 1-week history of progressive fatigue. Six weeks ago, she received a kidney transplant from a living, related donor. Immediately after the operation, she received monoclonal anti-CD3 therapy. Current medications are azathioprine, cyclosporine, and prednisone. Her temperature is 39\u00b0C (102.2\u00b0F). Physical examination shows a well-healed surgical scar. Serum studies show that her urea nitrogen and creatinine concentrations have tripled. A diagnosis of allograft rejection is suspected. In addition, this patient's clinical presentation is best explained by an infection with which of the following agents?",
        "subject": "professional_medicine",
        "choices": [
          "Adenovirus",
          "BK virus",
          "Epstein-Barr virus",
          "Herpes simplex virus"
        ],
        "answer": 1
      },
      "previous": {
        "iteration": 2,
        "type": "refine",
        "feedback": "The answer is (A), where A is adenovirus.\n\n**Analysis:**\n\n1. **Is the medical reasoning correct?**  \n   The patient has a history of a kidney transplant and is receiving monoclonal anti-CD3 therapy. Her symptoms (3-day cold, 1-week fatigue, 6 weeks of transplant) suggest a possible immune response to the transplanted organ. Her serum urea nitrogen and creatinine levels have tripled, which is a sign of rejection. The presence of monoclonal anti-CD3 therapy indicates that the immune system is attacking the transplanted kidney. The clinical presentation is consistent with **allograft rejection**, and the patient's symptoms align with **infection** rather than rejection.\n\n2. **Is the selected option accurate based on medical knowledge?**  \n   **Adenovirus** is a virus that can cause infections, and it is a common cause of viral infections in immunocompromised individuals. The patient's symptoms and lab findings strongly suggest an infection, not rejection.\n\n3. **Are there any logical errors or misconceptions?**  \n   There is no logical error in the reasoning. The patient's presentation is best explained by an infection with **adenovirus**, which is a common cause of viral infections in immunocompromised individuals.\n\n4. **What evidence supports or contradicts this answer?**  \n   - **Support**: The patient's symptoms (cold, fatigue, lab results) and the presence of monoclonal anti-CD3 therapy support the suspicion of an immune response.  \n   - **Contradiction**: There is no evidence to suggest that the patient is receiving a specific type of infection.  \n\n**Improvement:**  \nThe answer should be **adenovirus** (A), as it is the most likely cause of the patient's symptoms and lab findings.",
        "response": "The answer is (A), where A is adenovirus.",
        "parsed_answer": "A",
        "correct": false
      },
      "current": {
        "iteration": 3,
        "type": "refine",
        "feedback": "The answer is (A), where A is adenovirus.\n\n**Analysis:**\n\n1. **Is the medical reasoning correct?**  \n   The patient has a history of a kidney transplant and is receiving monoclonal anti-CD3 therapy. She has tripled urea nitrogen and creatinine, which are markers of acute kidney injury. The presence of allograft rejection is supported by the clinical presentation and laboratory findings. However, the question asks for the best explanation for her clinical presentation, not the cause of the rejection.\n\n2. **Is the selected option accurate based on medical knowledge?**  \n   The correct answer is **adenovirus**. This is a well-documented cause of acute kidney injury in patients with allograft rejection. Adenovirus is a common cause of such infections in immunocompromised patients.\n\n3. **Are there any logical errors or misconceptions?**  \n   The answer assumes that the patient's symptoms are due to an infection with adenovirus, which is a plausible explanation. However, the question is about the best explanation for the patient's clinical presentation, not the cause of the rejection.\n\n4. **What evidence supports or contradicts this answer?**  \n   The evidence supports the answer. The patient's clinical presentation and laboratory findings strongly suggest an infection with adenovirus. There is no evidence to contradict this answer.\n\n**Improvement:**  \nTo improve the answer, it would be better to explain the reasoning behind the selection of adenovirus as the correct answer, rather than just stating it. This would help the reader understand the logic behind the choice.",
        "response": "The answer is (B), where B is BK virus.  \n\n**Improvement:**  \nThe answer is (B), where B is BK virus.  \n\n**Analysis:**  \nThe patient has a history of a kidney transplant and is receiving monoclonal anti-CD3 therapy. She has tripled urea nitrogen and creatinine, which are markers of acute kidney injury. The presence of allograft rejection is supported by the clinical presentation and laboratory findings. However, the question asks for the best explanation for her clinical presentation, not the cause of the rejection. The correct answer is **BK virus**, as it is a common cause of acute kidney injury in immunocompromised patients.",
        "parsed_answer": "B",
        "correct": true
      }
    },
    {
      "example_id": 65,
      "iteration": 4,
      "example": {
        "question": "A 77-year-old female presents to the office for evaluation of a syncopal event that occurred while she was walking. Cardiac examination reveals a grade 3/6\u00a0systolic murmur, heard best at the right upper sternal border. There is radiation of the murmur into the neck. The valvular abnormality that most likely caused this episode is",
        "subject": "professional_medicine",
        "choices": [
          "aortic insufficiency",
          "aortic stenosis",
          "mitral regurgitation",
          "mitral stenosis"
        ],
        "answer": 1
      },
      "previous": {
        "iteration": 3,
        "type": "refine",
        "feedback": "The answer is (A), where A represents aortic insufficiency.  \n\n**Analysis of the feedback:**  \n1. **Is the medical reasoning correct?**  \n   - The reasoning is correct. Aortic insufficiency is characterized by a grade 3/6 systolic murmur best heard at the right upper sternal border, and it radiates into the neck. This matches the description of the patient's syncopal event.  \n\n2. **Is the selected option accurate based on medical knowledge?**  \n   - Yes. Aortic insufficiency is the most likely cause of a syncopal event due to reduced blood flow to the brain.  \n\n3. **Are there any logical errors or misconceptions?**  \n   - There are no logical errors. The reasoning is sound and well-supported by medical knowledge.  \n\n4. **What evidence supports or contradicts this answer?**  \n   - The evidence is strong. Aortic insufficiency is a common cause of syncopal events, and the clinical features match the patient's presentation.  \n\n**Improvement:**  \nThe feedback is constructive and provides specific, actionable improvements. It emphasizes the accuracy of the answer and the reasoning, which helps in refining the response for clarity and correctness.",
        "response": "The answer is (A), where A represents aortic insufficiency.  \n\nAortic insufficiency is characterized by a grade 3/6 systolic murmur heard best at the right upper sternal border, and it radiates into the neck. This matches the description of the patient's syncopal event.  \n\nAortic insufficiency is the most likely cause of a syncopal event due to reduced blood flow to the brain.  \n\nThe selected option is accurate and well-supported by medical knowledge.",
        "parsed_answer": "A",
        "correct": false
      },
      "current": {
        "iteration": 4,
        "type": "refine",
        "feedback": "The answer is (A), where A represents aortic insufficiency.  \n\n**Analysis of the reasoning:**  \n1. The patient presents with a syncopal event and a grade 3/6 systolic murmur heard best at the right upper sternal border, with radiation into the neck.  \n2. Aortic insufficiency is characterized by a **grade 3/6 systolic murmur** and **radiation into the neck**, which matches the clinical findings.  \n3. This condition is most likely to cause a **reduced blood flow to the brain**, which could lead to a syncopal event.  \n4. The selected option is **accurate** and **well-supported by medical knowledge**.  \n\n**Possible improvements:**  \n- Clarify that the **grade 3/6 systolic murmur** is a key feature of aortic insufficiency, not aortic stenosis or mitral regurgitation.  \n- If the patient had a **mitral regurgitation** or **mitral stenosis**, the murmur would be different.  \n- Ensure that the answer emphasizes the **clinical correlation** between the murmur and the syncopal event.",
        "response": "The answer is (B), where B represents aortic stenosis.  \n\nAortic stenosis is characterized by a **grade 3/6 systolic murmur** heard best at the right upper sternal border, and it radiates into the neck. This matches the clinical findings of the patient's syncopal event. Aortic stenosis is the most likely cause of reduced blood flow to the brain, which could lead to a syncopal event.  \n\nThe selected option is accurate and well-supported by medical knowledge.",
        "parsed_answer": "B",
        "correct": true
      }
    }
  ],
  "harmed_examples": [
    {
      "example_id": 2,
      "iteration": 3,
      "example": {
        "question": "Which of the following processes is not used to modify protein structure after translation has occurred?",
        "subject": "college_medicine",
        "choices": [
          "Lipidation.",
          "Attachment of more amino acids via peptide bonds.",
          "Glycosylation.",
          "Phosphorylation."
        ],
        "answer": 1
      },
      "previous": {
        "iteration": 2,
        "type": "refine",
        "feedback": "The answer is (C), where C is Glycosylation. \n\n**Analysis:**  \nGlycosylation refers to the addition of sugar molecules to proteins, which is a process that modifies protein structure after translation. Therefore, it is not the process that modifies protein structure after translation has occurred.\n\n**Feedback:**  \nThe answer is **incorrect**. Glycosylation is a process that modifies protein structure **before** translation. The correct answer should be **(B)**, where B is Attachment of more amino acids via peptide bonds. This process occurs during **translation** and modifies protein structure. \n\n**Correct answer:** (B)",
        "response": "The answer is (B), where B is Attachment of more amino acids via peptide bonds. This process occurs during **translation** and modifies protein structure.",
        "parsed_answer": "B",
        "correct": true
      },
      "current": {
        "iteration": 3,
        "type": "refine",
        "feedback": "The answer is (B), where B is Attachment of more amino acids via peptide bonds. This process occurs during **translation** and modifies protein structure.\n\n### Analysis:\n\n1. **Is the medical reasoning correct?**  \n   The question asks which process is **not** used to modify protein structure after translation. Option **B** refers to a process that occurs **during** translation, not after. Therefore, the reasoning is incorrect.\n\n2. **Is the selected option accurate based on medical knowledge?**  \n   The correct process that modifies protein structure after translation is **glycosylation** (C), **phosphorylation** (D), or **lipidation** (A). Option **B** is not a process that occurs after translation but during it. Thus, the selected option is **incorrect**.\n\n3. **Are there any logical errors or misconceptions?**  \n   The error lies in the assumption that the process described in option **B** is a modification after translation. In reality, processes like **lipidation**, **glycosylation**, and **phosphorylation** occur **after** translation. This is a common misconception.\n\n4. **What evidence supports or contradicts this answer?**  \n   The correct answer is **C** (glycosylation), **D** (phosphorylation), or **A** (lipidation). Option **B** is incorrect because it does not occur after translation. This shows a lack of understanding of the biochemical pathways involved in protein modification.",
        "response": "The answer is (C), where C is Glycosylation. Glycosylation is a process that occurs **after** translation and modifies protein structure by adding sugar molecules to the protein. This process is a key step in protein modification.",
        "parsed_answer": "C",
        "correct": false
      }
    },
    {
      "example_id": 4,
      "iteration": 2,
      "example": {
        "question": "How many electrons does gold (Au) possess that have a quantum number l = 2?",
        "subject": "college_medicine",
        "choices": [
          "9",
          "23",
          "29",
          "79"
        ],
        "answer": 2
      },
      "previous": {
        "iteration": 1,
        "type": "draft",
        "response": "The answer is (C), where C is 29.",
        "parsed_answer": "C",
        "correct": true
      },
      "current": {
        "iteration": 2,
        "type": "refine",
        "feedback": "The answer is (C), where C is 29.\n\n**Analysis:**\n\n1. **Is the medical reasoning correct?**  \n   The question asks about the number of electrons in gold (Au) with a quantum number $ l = 2 $. Gold has an atomic number of 79, which means it has 79 electrons. The quantum number $ l $ (which represents the orbital angular momentum) is not directly related to the number of electrons in a specific subshell. However, the value of $ l $ (2) corresponds to the $ p $-subshell (since $ l = 0, 1, 2, \\dots $), and there are 2p subshells. Each subshell has 6 electrons, so $ 2 \\times 6 = 12 $ electrons. This is not the same as the atomic number (79), so the reasoning is flawed.\n\n2. **Is the selected option accurate based on medical knowledge?**  \n   The correct number of electrons in gold (Au) is 79, not 29. The value of $ l = 2 $ (which corresponds to the $ p $-subshell) is not relevant to the number of electrons in the atom. The option C is incorrect.\n\n3. **Are there any logical errors or misconceptions?**  \n   The reasoning assumes that the number of electrons in a subshell is directly related to the value of $ l $, which is not true. The correct answer is based on the atomic number, not the quantum number.\n\n4. **What evidence supports or contradicts this answer?**  \n   The provided answer (C) is incorrect. The correct answer is 79 electrons for gold.",
        "response": "The answer is (D), where D is 79.",
        "parsed_answer": "D",
        "correct": false
      }
    },
    {
      "example_id": 25,
      "iteration": 4,
      "example": {
        "question": "Which of the following statements is false?",
        "subject": "college_medicine",
        "choices": [
          "Ammonia is produced in repeated high intensity exercise.",
          "Muscle lactate accumulation does not begin until at least 5 seconds of intermittent muscle contractions have taken place.",
          "Muscle phosphocreatine depletion begins in the first few seconds of high intensity exercise.",
          "With an increasing number of repeated sprints the rate of accumulation of lactate in muscle declines."
        ],
        "answer": 1
      },
      "previous": {
        "iteration": 3,
        "type": "refine",
        "feedback": "The answer is (D), where D is one of A, B, C, or D.  \n\nThe statement that is false is:  \n**D. With an increasing number of repeated sprints the rate of accumulation of lactate in muscle declines.**  \n\nThis is incorrect because lactate accumulation increases with the number of repeated sprints. Lactate is produced more during high-intensity exercise and is more likely to accumulate over time, not decrease. This is a common misconception in physiology.  \n\n**Feedback:**  \nThe feedback is constructive and provides specific, actionable improvements. It clarifies the false statement and explains why it is incorrect, helping to improve the quality of the answer.",
        "response": "The answer is (B), where B is one of A, B, C, or D.  \n\nThe statement that is false is:  \n**B. Muscle lactate accumulation does not begin until at least 5 seconds of intermittent muscle contractions have taken place.**  \n\nThis is incorrect. Muscle lactate accumulation does begin within 5 seconds of intermittent muscle contractions, and it continues to accumulate over time. This is a common misconception in physiology, as lactate is produced more during high-intensity exercise and is more likely to accumulate over time.",
        "parsed_answer": "B",
        "correct": true
      },
      "current": {
        "iteration": 4,
        "type": "refine",
        "feedback": "The answer is (B), where B is one of A, B, C, or D.  \n\nThe statement that is false is:  \n**B. Muscle lactate accumulation does not begin until at least 5 seconds of intermittent muscle contractions have taken place.**  \n\nThis is incorrect. Muscle lactate accumulation begins within 5 seconds of intermittent muscle contractions, and it continues to accumulate over time. This is a common misconception in physiology, as lactate is produced more during high-intensity exercise and is more likely to accumulate over time.  \n\n**Feedback for improvement:**  \n- Clarify that lactate accumulation is a physiological process that begins quickly and continues to build up over time.  \n- Ensure the selected option accurately reflects this understanding.",
        "response": "The answer is (C), where C is one of A, B, C, or D.  \n\nThe statement that is false is:  \n**C. Muscle phosphocreatine depletion begins in the first few seconds of high intensity exercise.**  \n\nThis is incorrect. Muscle phosphocreatine depletion does not begin in the first few seconds of high intensity exercise; it begins much earlier, typically within a few seconds, and continues to be available for energy production. This is a common misconception in physiology.",
        "parsed_answer": "C",
        "correct": false
      }
    },
    {
      "example_id": 61,
      "iteration": 2,
      "example": {
        "question": "What is the most likely outcome of this modification?\n\ufeff\nAn RNA strand that normally produces a transmembrane protein that facilitates potassium entry into muscle cells is modified to produce a different strand. The original strand is as follows:\n\n GAAUAGAUGGGAAGCGCCAGAUACAGUAACAGA\u2026 \n\nThe modified sequence is as follows:\n\n GAAUAGAUGGGAAGCGCCAGAUACAGUACCAGA\u2026",
        "subject": "college_medicine",
        "choices": [
          "Absence of the protein",
          "Production of a similar-sized but dysfunctional protein",
          "No change",
          "Production of a larger, likely dysfunctional protein"
        ],
        "answer": 3
      },
      "previous": {
        "iteration": 1,
        "type": "draft",
        "response": "The answer is (D), where D is the production of a larger, likely dysfunctional protein.",
        "parsed_answer": "D",
        "correct": true
      },
      "current": {
        "iteration": 2,
        "type": "refine",
        "feedback": "The answer is (D), where D is the production of a larger, likely dysfunctional protein.\n\n**Analysis:**\n\n1. **Medical Reasoning:**  \n   The modification involves altering the RNA sequence from a normal transmembrane protein (which produces a potassium channel) to a different one. This suggests a potential change in the protein's structure or function. However, the original and modified sequences are similar in length and structure, which implies that the modification may not alter the protein's size or function significantly. Therefore, the reasoning that the protein \"produces a larger, likely dysfunctional protein\" is not supported.\n\n2. **Selected Option Accuracy:**  \n   Option D is correct in that the modification could lead to a larger, potentially dysfunctional protein. However, the provided answer assumes that the modification results in a larger protein, which is not supported by the original and modified sequences. This is a logical error.\n\n3. **Logical Errors or Misconceptions:**  \n   The answer assumes that the modification leads to a larger protein, but the original and modified sequences are identical in length and structure. This implies that the modification does not alter the protein's size or function, making option D incorrect.\n\n4. **Evidence Supporting or Contradicting:**  \n   - The original and modified sequences are identical in length and structure, so the protein size and function remain unchanged.  \n   - Therefore, option D is not supported by the given information.\n\n**Improved Feedback:**  \nThe answer should reflect that the modification does not alter the protein's size or function, and thus the correct answer is **C** (No change).",
        "response": "The answer is (C), where C is No change.",
        "parsed_answer": "C",
        "correct": false
      }
    },
    {
      "example_id": 67,
      "iteration": 2,
      "example": {
        "question": "The synthesis of glucose from lactate, glycerol, or amino acids is called:",
        "subject": "college_medicine",
        "choices": [
          "glycogenolysis.",
          "glycolysis.",
          "lipolysis.",
          "gluconeogenesis."
        ],
        "answer": 3
      },
      "previous": {
        "iteration": 1,
        "type": "draft",
        "response": "The answer is (D), where D is one of A, B, C, or D.",
        "parsed_answer": "D",
        "correct": true
      },
      "current": {
        "iteration": 2,
        "type": "refine",
        "feedback": "The answer is (D), where D is one of A, B, C, or D.\n\n**Analysis:**\n\n1. **Is the medical reasoning correct?**  \n   The question asks about the synthesis of glucose from lactate, glycerol, or amino acids. This process is known as **glycolysis**, which occurs in the cytoplasm of cells and does not involve the liver or kidneys. Glycolysis is a metabolic process that produces ATP and does not involve the synthesis of glucose from these precursors. Therefore, the reasoning is incorrect.\n\n2. **Is the selected option accurate based on medical knowledge?**  \n   The correct answer is **glycolysis**, not any of the other options. The synthesis of glucose from these precursors is not a standard metabolic process. The correct process is **gluconeogenesis**, which occurs in the liver and involves the conversion of non-carbohydrate sources (like lactate, amino acids, and glycerol) into glucose.\n\n3. **Are there any logical errors or misconceptions?**  \n   The reasoning assumes that the synthesis of glucose from lactate, glycerol, or amino acids is a process that occurs in the liver or kidneys, which is not true. The process is actually a metabolic pathway that occurs in the cytoplasm, not in the liver or kidneys.\n\n4. **What evidence supports or contradicts this answer?**  \n   The answer (D) is incorrect. The correct answer is (B), where B is \"glycolysis.\" This is a standard medical knowledge point about cellular metabolism.",
        "response": "The answer is (B), where B is one of A, B, C, or D.  \n\n**Analysis:**  \nThe question asks about the synthesis of glucose from lactate, glycerol, or amino acids. This process is known as **glycolysis**, which occurs in the cytoplasm of cells and does not involve the liver or kidneys. Glycolysis is a metabolic process that produces ATP and does not involve the synthesis of glucose from these precursors. Therefore, the reasoning is incorrect.  \n\nThe correct answer is **glycolysis**, not any of the other options. The synthesis of glucose from these precursors is not a standard metabolic process. The correct process is **gluconeogenesis**, which occurs in the liver and involves the conversion of non-carbohydrate sources (like lactate, amino acids, and glycerol) into glucose.  \n\nThe answer (D) is incorrect. The correct answer is (B), where B is one of A, B, C, or D.",
        "parsed_answer": "B",
        "correct": false
      }
    }
  ]
}