{
  "accuracy_by_iteration": [
    0.42,
    0.47,
    0.47,
    0.43
  ],
  "best_accuracy_by_iteration": [
    0.42,
    0.49,
    0.53,
    0.53
  ],
  "conditional_probabilities": [
    {
      "iteration": 2,
      "P(correct_i+1|correct_i)": 0.9523809523809523,
      "P(correct_i+1|incorrect_i)": 0.1206896551724138,
      "correct_to_correct": 40,
      "correct_to_incorrect": 2,
      "incorrect_to_correct": 7,
      "incorrect_to_incorrect": 51
    },
    {
      "iteration": 3,
      "P(correct_i+1|correct_i)": 0.9148936170212766,
      "P(correct_i+1|incorrect_i)": 0.07547169811320754,
      "correct_to_correct": 43,
      "correct_to_incorrect": 4,
      "incorrect_to_correct": 4,
      "incorrect_to_incorrect": 49
    },
    {
      "iteration": 4,
      "P(correct_i+1|correct_i)": 0.9148936170212766,
      "P(correct_i+1|incorrect_i)": 0.0,
      "correct_to_correct": 43,
      "correct_to_incorrect": 4,
      "incorrect_to_correct": 0,
      "incorrect_to_incorrect": 53
    }
  ],
  "total_examples": 100,
  "max_iterations": 4,
  "improved_examples": [
    {
      "example_id": 1,
      "iteration": 3,
      "example": {
        "question": "A 75-year-old female presents to the office for a health maintenance examination. She says that she is more fatigued than she was at 65, but she still gardens and drives to the grocery store. Routine laboratory studies reveal a leukocyte count of 25.0\u00a0\u00d7\u00a0103/mcL (reference range 4.5-11.0\u00a0\u00d7\u00a0103/mcL) and 97%\u00a0mature-appearing lymphocytes on a peripheral blood smear. Immunohistochemical stains demonstrate the lymphocytes to be of\u00a0B-cell\u00a0origin. The most likely diagnosis is",
        "subject": "professional_medicine",
        "choices": [
          "acute lymphocytic leukemia",
          "acute myelogenous leukemia",
          "chronic lymphocytic leukemia",
          "chronic myelogenous leukemia"
        ],
        "answer": 2
      },
      "previous": {
        "iteration": 2,
        "type": "refine",
        "feedback": "The answer is (A), where A refers to **acute lymphocytic leukemia**.\n\n### Analysis:\n\n1. **Medical reasoning**:  \n   The patient has a **leukocyte count of 25.0 \u00d7 10\u00b3/mcL**, which is within the normal range (4.5\u201311.0 \u00d7 10\u00b3/mcL).  \n   The **peripheral blood smear** shows **97% mature-appearing lymphocytes**, which is consistent with a B-cell lineage.  \n   The **immunohistochemical staining** confirms the lymphocytes are of **B-cell origin**, which is a key feature of **acute lymphocytic leukemia**.\n\n2. **Selected option accuracy**:  \n   The answer **A (acute lymphocytic leukemia)** is correct based on standard diagnostic criteria for leukemias. It is a common and early-stage diagnosis with a B-cell lineage.\n\n3. **Logical errors or misconceptions**:  \n   There is no logical error in the reasoning. The presence of a B-cell lineage and a normal leukocyte count strongly supports the diagnosis of **acute lymphocytic leukemia**.\n\n4. **Evidence supporting or contradicting**:  \n   - **Support**: The normal leukocyte count and B-cell lineage are consistent with A.  \n   - **Contradiction**: No evidence contradicts the diagnosis.  \n\n### Final Answer:  \nThe answer is (A), where A refers to **acute lymphocytic leukemia**.",
        "response": "The answer is (A), where A refers to **acute lymphocytic leukemia**.",
        "parsed_answer": "A",
        "correct": false
      },
      "current": {
        "iteration": 3,
        "type": "refine",
        "feedback": "The answer is (C), where C refers to **chronic lymphocytic leukemia**.\n\n### Analysis:\n\n1. **Is the medical reasoning correct?**  \n   The patient's leukocyte count (25.0 \u00d7 10\u00b3/mcL) is within the reference range for a normal adult (4.5\u201311.0 \u00d7 10\u00b3/mcL), and the peripheral blood smear shows 97% mature-appearing lymphocytes, which is consistent with a B-cell lineage. The immunohistochemical staining confirms B-cell origin.  \n   However, the presence of a **chronic** condition (75 years old) and the **mature-appearing lymphocytes** (97%) suggest a **chronic** rather than acute condition. This is a key point to consider.\n\n2. **Is the selected option accurate based on medical knowledge?**  \n   **Acute lymphocytic leukemia (A)** is characterized by rapid progression, blasts, and a high leukocyte count. **Chronic lymphocytic leukemia (C)** is characterized by slow progression, chronic lymphocytes, and a normal or low leukocyte count. The correct answer here is **C**, as it aligns with the patient's age and chronic presentation.\n\n3. **Are there any logical errors or misconceptions?**  \n   A common misconception is that a **normal** leukocyte count with B-cell lineage necessarily means it's **acute**, but this is not the case. The presence of a **chronic** condition (75 years old) and the **slow** progression of the disease further supports the diagnosis of **chronic lymphocytic leukemia (C)**.\n\n4. **What evidence supports or contradicts this answer?**  \n   - The **normal** leukocyte count and B-cell lineage support **chronic** rather than acute.  \n   - The **slow** progression and **chronic** age further support **chronic lymphocytic leukemia (C)**.\n\n### Final Answer:\nThe answer is (C), where C refers to **chronic lymphocytic leukemia**.",
        "response": "The answer is (C), where C refers to **chronic lymphocytic leukemia**.",
        "parsed_answer": "C",
        "correct": true
      }
    },
    {
      "example_id": 2,
      "iteration": 2,
      "example": {
        "question": "Which of the following processes is not used to modify protein structure after translation has occurred?",
        "subject": "college_medicine",
        "choices": [
          "Lipidation.",
          "Attachment of more amino acids via peptide bonds.",
          "Glycosylation.",
          "Phosphorylation."
        ],
        "answer": 1
      },
      "previous": {
        "iteration": 1,
        "type": "draft",
        "response": "The answer is (C), where C is one of A, B, C, or D.  \n\n**Explanation:**  \n- **Lipidation** is a process used to modify protein structure after translation by linking proteins to lipids.  \n- **Attachment of more amino acids via peptide bonds** is part of protein synthesis and does not modify structure after translation.  \n- **Glycosylation** and **phosphorylation** are modifications of proteins that occur post-translational.  \n\nThus, the correct answer is (C).",
        "parsed_answer": "C",
        "correct": false
      },
      "current": {
        "iteration": 2,
        "type": "refine",
        "feedback": "The answer is (C), where C is one of A, B, C, or D.  \n\n**Feedback:**  \nThe reasoning is correct. The question asks which process is **not** used to modify protein structure after translation.  \n\n- **Lipidation** (A) is a process used to modify protein structure after translation by linking proteins to lipids.  \n- **Attachment of more amino acids via peptide bonds** (B) is part of protein synthesis and does not modify structure after translation.  \n- **Glycosylation** (C) and **phosphorylation** (D) are both post-translational modifications that modify protein structure.  \n\nThus, the correct answer is (C).",
        "response": "The answer is (B), where B is one of A, B, C, or D.  \n\n**Explanation:**  \n- **Lipidation** (A) is a process used to modify protein structure after translation by linking proteins to lipids.  \n- **Attachment of more amino acids via peptide bonds** (B) is part of protein synthesis and does not modify structure after translation.  \n- **Glycosylation** (C) and **phosphorylation** (D) are both post-translational modifications that modify protein structure.  \n\nThus, the correct answer is (B).",
        "parsed_answer": "B",
        "correct": true
      }
    },
    {
      "example_id": 13,
      "iteration": 3,
      "example": {
        "question": "The most rapid method to resynthesize ATP during exercise is through:",
        "subject": "college_medicine",
        "choices": [
          "glycolysis.",
          "phosphocreatine breakdown.",
          "tricarboxylic acid cycle (Krebs' cycle).",
          "glycogenolysis."
        ],
        "answer": 1
      },
      "previous": {
        "iteration": 2,
        "type": "refine",
        "feedback": "The answer is (C), where C represents the tricarboxylic acid cycle (Krebs' cycle).\n\n**Analysis:**\n\n1. **Is the medical reasoning correct?**  \n   The tricarboxylic acid cycle (Krebs' cycle) is the most rapid method for resynthesizing ATP during exercise. It directly produces ATP by breaking down acetyl-CoA into carbon dioxide, NADH, and FADH\u2082, which are then used to synthesize ATP in the mitochondria. This process occurs in the cytoplasm and is the fastest method available for ATP synthesis during short bursts of high-intensity exercise.\n\n2. **Is the selected option accurate based on medical knowledge?**  \n   Yes. The tricarboxylic acid cycle is the most rapid method for ATP synthesis during exercise, making option **C** correct.\n\n3. **Are there any logical errors or misconceptions?**  \n   There is no logical error in the reasoning. The selected option is accurate and directly addresses the question.\n\n4. **What evidence supports or contradicts this answer?**  \n   - **Support:** Medical knowledge states that the tricarboxylic acid cycle is the fastest method for ATP synthesis during exercise.  \n   - **Contradiction:** No evidence contradicts the correct answer.  \n\n**Improvement:**  \nThe answer is correct and well-supported by medical knowledge. If the question had asked for the slowest method, the answer would be **A** (glycolysis), but since it's about the fastest, **C** is the right choice.",
        "response": "The answer is (C), where C represents the tricarboxylic acid cycle (Krebs' cycle).",
        "parsed_answer": "C",
        "correct": false
      },
      "current": {
        "iteration": 3,
        "type": "refine",
        "feedback": "The answer is (C), where C represents the tricarboxylic acid cycle (Krebs' cycle).  \n\n**Analysis:**  \n1. **Is the medical reasoning correct?**  \n   The tricarboxylic acid cycle (Krebs' cycle) is the most rapid method for resynthesizing ATP during exercise. It occurs in the mitochondria and produces ATP directly from pyruvate, which is then used to synthesize ATP. This is the most efficient process for rapid energy production during intense exercise.  \n\n2. **Is the selected option accurate based on medical knowledge?**  \n   Yes, the tricarboxylic acid cycle (Krebs' cycle) is the correct and most rapid method for resynthesizing ATP during exercise.  \n\n3. **Are there any logical errors or misconceptions?**  \n   There are no logical errors in the reasoning. The answer is factually accurate.  \n\n4. **What evidence supports or contradicts this answer?**  \n   The evidence supports the correct answer. No contradictions exist.",
        "response": "The answer is (B), where B represents phosphocreatine breakdown.  \n\n**Analysis:**  \n1. **Is the medical reasoning correct?**  \n   Phosphocreatine breakdown is the most rapid method for resynthesizing ATP during exercise. It allows for immediate ATP production without requiring a significant amount of energy input.  \n\n2. **Is the selected option accurate based on medical knowledge?**  \n   Yes, phosphocreatine breakdown is the correct and most rapid method for resynthesizing ATP during exercise.  \n\n3. **Are there any logical errors or misconceptions?**  \n   There are no logical errors in the reasoning. The answer is factually accurate.  \n\n4. **What evidence supports or contradicts this answer?**  \n   The evidence supports the correct answer. No contradictions exist.",
        "parsed_answer": "B",
        "correct": true
      }
    },
    {
      "example_id": 25,
      "iteration": 2,
      "example": {
        "question": "Which of the following statements is false?",
        "subject": "college_medicine",
        "choices": [
          "Ammonia is produced in repeated high intensity exercise.",
          "Muscle lactate accumulation does not begin until at least 5 seconds of intermittent muscle contractions have taken place.",
          "Muscle phosphocreatine depletion begins in the first few seconds of high intensity exercise.",
          "With an increasing number of repeated sprints the rate of accumulation of lactate in muscle declines."
        ],
        "answer": 1
      },
      "previous": {
        "iteration": 1,
        "type": "draft",
        "response": "The answer is (C), where C. Muscle phosphocreatine depletion begins in the first few seconds of high intensity exercise.",
        "parsed_answer": "C",
        "correct": false
      },
      "current": {
        "iteration": 2,
        "type": "refine",
        "feedback": "The answer is (C), where C. Muscle phosphocreatine depletion begins in the first few seconds of high intensity exercise.\n\n**Analysis:**\n\n1. **Is the medical reasoning correct?**  \n   - The statement **\"Muscle phosphocreatine depletion begins in the first few seconds of high intensity exercise\"** is **false**.  \n   - Phosphocreatine depletion typically begins **after** the first few seconds of high-intensity exercise, not immediately. This is a well-known physiological response to short bursts of intense activity.\n\n2. **Is the selected option accurate based on medical knowledge?**  \n   - Option **C** is **false** and contradicts established medical knowledge.  \n   - The correct statement is that phosphocreatine is depleted **after** the first few seconds of high-intensity exercise.\n\n3. **Are there any logical errors or misconceptions?**  \n   - The reasoning is flawed because it incorrectly assumes that phosphocreatine depletion begins immediately, when in fact it starts later.\n\n4. **What evidence supports or contradicts this answer?**  \n   - The evidence is clear: phosphocreatine is not depleted **immediately** during high-intensity exercise. This is a well-documented physiological response.\n\n**Improvement:**  \nThe answer should be corrected to reflect the correct understanding of muscle phosphocreatine depletion. The correct option is **B**, where it states that muscle lactate accumulation does not begin until at least 5 seconds of intermittent contractions.",
        "response": "The answer is (B), where B. Muscle lactate accumulation does not begin until at least 5 seconds of intermittent muscle contractions have taken place.  \n\n**Improvement:**  \nThe answer should be corrected to reflect the correct understanding of muscle lactate accumulation. The correct option is **B**, where it states that muscle lactate accumulation does not begin until at least 5 seconds of intermittent muscle contractions have taken place.",
        "parsed_answer": "B",
        "correct": true
      }
    },
    {
      "example_id": 39,
      "iteration": 2,
      "example": {
        "question": "A 22-year-old woman comes to the office because of a 3-day history of cold symptoms and a 1-week history of progressive fatigue. Six weeks ago, she received a kidney transplant from a living, related donor. Immediately after the operation, she received monoclonal anti-CD3 therapy. Current medications are azathioprine, cyclosporine, and prednisone. Her temperature is 39\u00b0C (102.2\u00b0F). Physical examination shows a well-healed surgical scar. Serum studies show that her urea nitrogen and creatinine concentrations have tripled. A diagnosis of allograft rejection is suspected. In addition, this patient's clinical presentation is best explained by an infection with which of the following agents?",
        "subject": "professional_medicine",
        "choices": [
          "Adenovirus",
          "BK virus",
          "Epstein-Barr virus",
          "Herpes simplex virus"
        ],
        "answer": 1
      },
      "previous": {
        "iteration": 1,
        "type": "draft",
        "response": "The answer is (D), where D stands for Herpes simplex virus.",
        "parsed_answer": "D",
        "correct": false
      },
      "current": {
        "iteration": 2,
        "type": "refine",
        "feedback": "The answer is (D), where D stands for Herpes simplex virus.\n\n**Analysis:**\n\n1. **Medical reasoning:**  \n   The patient's symptoms (fever, fatigue, allograft rejection) are consistent with **allograft rejection**, which is a known complication of a kidney transplant. The presence of monoclonal anti-CD3 therapy and the clinical presentation align with this condition.\n\n2. **Is the selected option accurate based on medical knowledge?**  \n   Herpes simplex virus (HSV) is a common cause of **acute viral infections**, and it can lead to **rejection** in immunocompromised patients. The patient's symptoms and lab findings (tripled urea nitrogen and creatinine) support the diagnosis of **acute rejection**.\n\n3. **Are there any logical errors or misconceptions?**  \n   There is no logical error in the reasoning. The selected option (Herpes simplex virus) is correct based on clinical and laboratory evidence.\n\n4. **What evidence supports or contradicts this answer?**  \n   The evidence supports the answer. The patient's presentation and lab results strongly point to **HSV infection** as the cause of the clinical presentation.\n\n**Improvement:**  \nThe answer is accurate and well-supported by medical knowledge.",
        "response": "The answer is (B), where B stands for BK virus.  \n\n**Improvement:**  \nThe answer is accurate and well-supported by medical knowledge.",
        "parsed_answer": "B",
        "correct": true
      }
    }
  ],
  "harmed_examples": [
    {
      "example_id": 4,
      "iteration": 3,
      "example": {
        "question": "How many electrons does gold (Au) possess that have a quantum number l = 2?",
        "subject": "college_medicine",
        "choices": [
          "9",
          "23",
          "29",
          "79"
        ],
        "answer": 2
      },
      "previous": {
        "iteration": 2,
        "type": "refine",
        "feedback": "The answer is (C), where C is 29.\n\n**Analysis:**\n\n1. **Is the medical reasoning correct?**  \n   The question asks about the number of electrons in gold (Au) with a quantum number $ l = 2 $. Gold has an atomic number of 79, which means it has 79 electrons. The value of $ l $ (angular momentum quantum number) is related to the subshells (s, p, d, f) that contain electrons. For a neutral atom like gold, the number of electrons is equal to its atomic number, regardless of the value of $ l $. Therefore, the reasoning is correct.\n\n2. **Is the selected option accurate based on medical knowledge?**  \n   The correct number of electrons in gold is 79. The value $ l = 2 $ does not affect the number of electrons. Thus, option C is accurate.\n\n3. **Are there any logical errors or misconceptions?**  \n   There is no logical error in the reasoning. The value of $ l $ does not influence the number of electrons in a neutral atom like gold.\n\n4. **What evidence supports or contradicts this answer?**  \n   The evidence is that gold has 79 electrons, and $ l = 2 $ is a property of the electron configuration, not the number of electrons. Therefore, option C is correct.",
        "response": "The answer is (C), where C is 29.",
        "parsed_answer": "C",
        "correct": true
      },
      "current": {
        "iteration": 3,
        "type": "refine",
        "feedback": "The answer is (C), where C is 29.\n\n**Analysis:**\n\n1. **Is the medical reasoning correct?**  \n   The question asks about the number of electrons in gold (Au) with a quantum number $ l = 2 $. Gold has an atomic number of 79, meaning it has 79 electrons in its neutral atom. The value of $ l $ (which refers to the orbital angular momentum quantum number) is not directly related to the number of electrons. However, the value of $ l $ (2) is consistent with the electron configuration of gold, which has 79 electrons and 2 valence electrons.\n\n2. **Is the selected option accurate based on medical knowledge?**  \n   The correct number of electrons in gold is 79, and the value of $ l = 2 $ is consistent with the electron configuration of gold. Therefore, the option **C (29)** is incorrect.\n\n3. **Are there any logical errors or misconceptions?**  \n   The error lies in the assumption that $ l = 2 $ directly determines the number of electrons. In reality, $ l $ is a quantum number that describes the shape of the orbital, not the number of electrons. The number of electrons in a neutral atom is determined by the atomic number, not the value of $ l $.\n\n4. **What evidence supports or contradicts this answer?**  \n   The answer **C (29)** is incorrect. The correct number of electrons in gold is 79, and the value of $ l = 2 $ is not a factor in determining the number of electrons in a neutral atom. Therefore, the answer should be **D (79)**.",
        "response": "The answer is (D), where D is 79.",
        "parsed_answer": "D",
        "correct": false
      }
    },
    {
      "example_id": 15,
      "iteration": 3,
      "example": {
        "question": "Six healthy subjects participate in a study of muscle metabolism during which hyperglycemia and hyperinsulinemia is induced. Muscle biopsy specimens obtained from the subjects during the resting state show significantly increased concentrations of malonyl-CoA. The increased malonyl-CoA concentration most likely directly inhibits which of the following processes in these subjects?",
        "subject": "professional_medicine",
        "choices": [
          "Fatty acid oxidation",
          "Fatty acid synthesis",
          "Gluconeogenesis",
          "Glycogenolysis"
        ],
        "answer": 0
      },
      "previous": {
        "iteration": 2,
        "type": "refine",
        "feedback": "The answer is (A), where A is fatty acid oxidation. \n\n**Feedback:**\n\n1. **Medical reasoning:** The increased concentration of malonyl-CoA is a key component of the fatty acid synthesis and metabolism pathways. This directly inhibits **fatty acid oxidation**, as malonyl-CoA is involved in the synthesis of fatty acids and the breakdown of fatty acids. This inhibition leads to an imbalance in energy production, as fatty acid oxidation is the primary pathway for energy generation.\n\n2. **Accuracy of the selected option:** The correct answer is based on the known role of malonyl-CoA in inhibiting fatty acid oxidation. Fatty acid synthesis and oxidation are distinct processes, and malonyl-CoA directly affects one of them.\n\n3. **Logical errors or misconceptions:** There are no logical errors in the reasoning. The answer is accurate and directly supported by medical knowledge.\n\n4. **Evidence supporting or contradicting:** The evidence is strong, as malonyl-CoA inhibition is a well-established mechanism in metabolic pathways.\n\n**Improved Answer:**  \nThe answer is (A), where A is fatty acid oxidation.",
        "response": "The answer is (A), where A is fatty acid oxidation.  \n\nThe increased concentration of malonyl-CoA directly inhibits **fatty acid oxidation**, as malonyl-CoA is a key component of the fatty acid synthesis and metabolism pathways. This leads to an imbalance in energy production, and hence, fatty acid oxidation is inhibited.  \n\nThe other options (B, C, D) are related to different metabolic processes, not directly to malonyl-CoA inhibition.",
        "parsed_answer": "A",
        "correct": true
      },
      "current": {
        "iteration": 3,
        "type": "refine",
        "feedback": "The answer is (A), where A is fatty acid oxidation.  \n\nThe increased concentration of malonyl-CoA directly inhibits **fatty acid oxidation**, as malonyl-CoA is a key component of the fatty acid synthesis and metabolism pathways. This leads to an imbalance in energy production, and hence, fatty acid oxidation is inhibited.  \n\nThe other options (B, C, D) are related to different metabolic processes, not directly to malonyl-CoA inhibition.  \n\n**Feedback for improvement:**  \n- Ensure that the explanation clearly links malonyl-CoA to the specific metabolic pathway (fatty acid oxidation) and that the reasoning is logically consistent.  \n- Clarify that malonyl-CoA inhibition affects energy production and energy metabolism, not just energy synthesis.",
        "response": "The answer is (B), where B is fatty acid synthesis.  \n\nMalonyl-CoA is a key component of the fatty acid synthesis and metabolism pathways, and its increased concentration directly inhibits fatty acid synthesis, which is a central process in energy production. This inhibition leads to an imbalance in energy metabolism, as fatty acid synthesis is the primary source of energy.  \n\nThe other options (A, C, D) are related to different metabolic processes, not directly to malonyl-CoA inhibition.",
        "parsed_answer": "B",
        "correct": false
      }
    },
    {
      "example_id": 19,
      "iteration": 2,
      "example": {
        "question": "Which of the following is not an amino acid?",
        "subject": "college_medicine",
        "choices": [
          "Glutamic acid",
          "Aspartic acid",
          "Glutamine",
          "Palmitic acid"
        ],
        "answer": 3
      },
      "previous": {
        "iteration": 1,
        "type": "draft",
        "response": "The answer is (D), where D represents Palmitic acid.",
        "parsed_answer": "D",
        "correct": true
      },
      "current": {
        "iteration": 2,
        "type": "refine",
        "feedback": "The answer is (D), where D represents Palmitic acid.\n\n**Analysis:**\n\n1. **Is the medical reasoning correct?**  \n   The question asks which is *not* an amino acid. Palmitic acid is a fatty acid, not an amino acid. Amino acids are organic compounds containing an amino group and a carboxyl group. Palmitic acid is a fatty acid, so this is the correct answer.\n\n2. **Is the selected option accurate based on medical knowledge?**  \n   Yes. Palmitic acid is not an amino acid. The other options\u2014glutamic acid (A), aspartic acid (B), and glutamine (C)\u2014are all amino acids.\n\n3. **Are there any logical errors or misconceptions?**  \n   There are no logical errors. The reasoning is sound and accurate.\n\n4. **What evidence supports or contradicts this answer?**  \n   The evidence is clear: palmitic acid is a fatty acid, not an amino acid. The other options are all amino acids.\n\n**Improvement:**  \nThe answer is correct and well-supported. The feedback clarifies the reasoning and highlights the accuracy of the selected option.",
        "response": "The answer is (B), where B represents Aspartic acid.  \n\n**Improvement:**  \nThe answer is correct and well-supported. The feedback clarifies the reasoning and highlights the accuracy of the selected option.",
        "parsed_answer": "B",
        "correct": false
      }
    },
    {
      "example_id": 25,
      "iteration": 4,
      "example": {
        "question": "Which of the following statements is false?",
        "subject": "college_medicine",
        "choices": [
          "Ammonia is produced in repeated high intensity exercise.",
          "Muscle lactate accumulation does not begin until at least 5 seconds of intermittent muscle contractions have taken place.",
          "Muscle phosphocreatine depletion begins in the first few seconds of high intensity exercise.",
          "With an increasing number of repeated sprints the rate of accumulation of lactate in muscle declines."
        ],
        "answer": 1
      },
      "previous": {
        "iteration": 3,
        "type": "refine",
        "feedback": "The answer is (B), where B. Muscle lactate accumulation does not begin until at least 5 seconds of intermittent muscle contractions have taken place.  \n\n**Improvement:**  \nThe answer should be corrected to reflect the correct understanding of muscle lactate accumulation. The correct option is **B**, where it states that muscle lactate accumulation does not begin until at least 5 seconds of intermittent muscle contractions have taken place.  \n\n**Analysis:**  \n1. **Medical reasoning:** The statement is correct. Muscle lactate accumulation typically begins within 5 seconds of muscle contractions, and this is a well-established physiological process.  \n2. **Selected option accuracy:** Option B is accurate and correctly reflects the timing of lactate accumulation.  \n3. **Logical errors or misconceptions:** No logical errors exist in the provided answer.  \n4. **Evidence support:** The provided answer correctly identifies the timing of lactate accumulation.  \n\nThe improvement is to correct the answer to reflect the correct medical understanding.",
        "response": "The answer is (B), where B. Muscle lactate accumulation does not begin until at least 5 seconds of intermittent muscle contractions have taken place.",
        "parsed_answer": "B",
        "correct": true
      },
      "current": {
        "iteration": 4,
        "type": "refine",
        "feedback": "The answer is (B), where B. Muscle lactate accumulation does not begin until at least 5 seconds of intermittent muscle contractions have taken place.\n\n### Analysis:\n\n1. **Is the medical reasoning correct?**  \n   - The statement **B** is **false**.  \n     Lactate accumulation begins **after** 5 seconds of intermittent muscle contractions, not at that point. This is a well-known physiological phenomenon in exercise physiology, where lactate starts to accumulate **after** the initial contraction, not during it.\n\n2. **Is the selected option accurate based on medical knowledge?**  \n   - The statement **B** is **false**. The correct time frame for lactate accumulation is **after 5 seconds** of contractions, not during. This is a key point in understanding how muscle fatigue and lactate production work.\n\n3. **Are there any logical errors or misconceptions?**  \n   - The reasoning is **correct** in identifying lactate accumulation as a result of muscle fatigue, but the statement **B** is **false** in its wording.\n\n4. **What evidence supports or contradicts this answer?**  \n   - **Evidence**: Lactate accumulation begins **after** 5 seconds of muscle contractions.  \n   - **Contradiction**: The statement **B** claims it begins **at or before** 5 seconds, which is incorrect.  \n\n### Final Feedback:\nThe answer is (B), where B. Muscle lactate accumulation does not begin until at least 5 seconds of intermittent muscle contractions have taken place.",
        "response": "The answer is (C), where C. Muscle phosphocreatine depletion begins in the first few seconds of high intensity exercise.",
        "parsed_answer": "C",
        "correct": false
      }
    },
    {
      "example_id": 28,
      "iteration": 2,
      "example": {
        "question": "A 65-year-old woman has a 6-month history of progressive irritability, palpitations, heat intolerance, frequent bowel movements, and a 6.8-kg (15-lb) weight loss. She has had a neck mass for more than 10 years. 131I scan shows an enlarged thyroid gland with multiple areas of increased and decreased uptake. Which of the following is the most likely diagnosis?",
        "subject": "professional_medicine",
        "choices": [
          "Defect in thyroxine (T4) biosynthesis",
          "Graves' disease",
          "Multinodular goiter",
          "Riedel's thyroiditis"
        ],
        "answer": 2
      },
      "previous": {
        "iteration": 1,
        "type": "draft",
        "response": "The answer is (C), where C is Multinodular Goiter. \n\n**Explanation:**  \nThe patient has progressive irritability, palpitations, heat intolerance, frequent bowel movements, and a 6.8-kg weight loss, along with a 10-year history of a neck mass. These symptoms are typical of **multinodular goiter**, a condition characterized by multiple nodules in the thyroid gland. The 131I scan showing multiple areas of increased and decreased uptake aligns with this condition.  \n\nThe other options do not match the clinical features of the given symptoms.",
        "parsed_answer": "C",
        "correct": true
      },
      "current": {
        "iteration": 2,
        "type": "refine",
        "feedback": "The answer is (B), where B is Graves' disease.  \n\n**Explanation:**  \nThe patient's symptoms\u2014progressive irritability, palpitations, heat intolerance, frequent bowel movements, and a 6.8-kg weight loss\u2014are highly suggestive of **Graves' disease**, a hyperthyroid condition characterized by overactive thyroid gland. The 131I scan showing multiple areas of increased and decreased uptake supports this diagnosis.  \n\n**Other options:**  \n- **A. Defect in thyroxine (T4) biosynthesis** is incorrect because this would result in hypothyroidism, not hyperthyroidism.  \n- **C. Multinodular goiter** is incorrect because it typically presents with a single, large mass and is associated with iodine deficiency.  \n- **D. Riedel's thyroiditis** is a rare autoimmune condition, not typically associated with the symptoms described.  \n\nThe correct answer is **B**, as it aligns with the clinical presentation and diagnostic findings.",
        "response": "The answer is (B), where B is Graves' disease.  \n\n**Explanation:**  \nThe patient's symptoms\u2014progressive irritability, palpitations, heat intolerance, frequent bowel movements, and a 6.8-kg weight loss\u2014are highly suggestive of **Graves' disease**, a hyperthyroid condition characterized by an overactive thyroid gland. The 131I scan showing multiple areas of increased and decreased uptake supports this diagnosis.  \n\nThe other options do not align with the clinical features of the given symptoms.",
        "parsed_answer": "B",
        "correct": false
      }
    }
  ]
}