{
  "accuracy_by_iteration": [
    0.74,
    0.79,
    0.78,
    0.78
  ],
  "best_accuracy_by_iteration": [
    0.74,
    0.81,
    0.83,
    0.84
  ],
  "conditional_probabilities": [
    {
      "iteration": 2,
      "P(correct_i+1|correct_i)": 0.972972972972973,
      "P(correct_i+1|incorrect_i)": 0.2692307692307692,
      "correct_to_correct": 72,
      "correct_to_incorrect": 2,
      "incorrect_to_correct": 7,
      "incorrect_to_incorrect": 19
    },
    {
      "iteration": 3,
      "P(correct_i+1|correct_i)": 0.9367088607594937,
      "P(correct_i+1|incorrect_i)": 0.19047619047619047,
      "correct_to_correct": 74,
      "correct_to_incorrect": 5,
      "incorrect_to_correct": 4,
      "incorrect_to_incorrect": 17
    },
    {
      "iteration": 4,
      "P(correct_i+1|correct_i)": 0.9358974358974359,
      "P(correct_i+1|incorrect_i)": 0.22727272727272727,
      "correct_to_correct": 73,
      "correct_to_incorrect": 5,
      "incorrect_to_correct": 5,
      "incorrect_to_incorrect": 17
    }
  ],
  "total_examples": 100,
  "max_iterations": 4,
  "improved_examples": [
    {
      "example_id": 4,
      "iteration": 2,
      "example": {
        "question": "How many electrons does gold (Au) possess that have a quantum number l = 2?",
        "subject": "college_medicine",
        "choices": [
          "9",
          "23",
          "29",
          "79"
        ],
        "answer": 2
      },
      "previous": {
        "iteration": 1,
        "type": "draft",
        "response": "To determine how many electrons in gold (Au) have a quantum number $ l = 2 $, we need to understand the electron configuration of gold and identify which orbitals correspond to $ l = 2 $.\n\nGold has an atomic number of 79, so its electron configuration is:\n\n$$\n\\text{Au: } [Xe] 4f^{14} 5d^{10} 6s^1\n$$\n\nThe quantum number $ l $ determines the shape of the orbital:\n- $ l = 0 $: s-orbital\n- $ l = 1 $: p-orbital\n- $ l = 2 $: d-orbital\n- $ l = 3 $: f-orbital\n\nSo, electrons with $ l = 2 $ are in d-orbitals.\n\nLooking at the electron configuration of Au:\n- The 5d orbital is filled with 10 electrons.\n- The 4f orbital is filled with 14 electrons (but $ l = 3 $ for f-orbitals, so these are not counted here).\n- The 6s orbital is filled with 1 electron (but $ l = 0 $, so not counted here).\n\nThus, the only d-orbitals (with $ l = 2 $) are the 5d orbital, which contains 10 electrons.\n\nTherefore, the correct answer is:\n\nThe answer is (B).",
        "parsed_answer": "B",
        "correct": false
      },
      "current": {
        "iteration": 2,
        "type": "refine",
        "feedback": "The answer is (B). \n\n**Feedback:**\n\n1. **Medical Reasoning Correctness:**  \n   The reasoning is correct in that the question is not strictly medical but rather a chemistry question about electron configuration. However, the question is labeled as \"college medicine,\" which may be misleading. In a medical context, understanding electron configurations is relevant for understanding atomic structure, which is part of basic science education for medical students. Therefore, the reasoning is appropriate for a college-level science course, even if it is not directly medical.\n\n2. **Selected Option Accuracy:**  \n   The selected option (B: 23) is **incorrect** based on the electron configuration of gold. The correct answer should be **C: 29**, not B. The error arises from a miscalculation in the number of electrons with $ l = 2 $.\n\n3. **Logical Errors or Misconceptions:**  \n   The explanation correctly identifies that $ l = 2 $ corresponds to d-orbitals. However, the analysis of the electron configuration is flawed. The electron configuration of gold is:\n\n   $$\n   \\text{Au: } [Xe] 4f^{14} 5d^{10} 6s^1\n   $$\n\n   - The 5d orbital contains **10 electrons** (since $ l = 2 $ for d-orbitals).\n   - The 4f orbital has $ l = 3 $, so it is not counted.\n   - The 6s orbital has $ l = 0 $, so it is not counted.\n\n   However, the **4f** orbital is part of the electron configuration, and it has **14 electrons**. The **5d** orbital has **10 electrons**, and the **6s** has **1 electron**. The **total number of electrons with $ l = 2 $** is **10 (from 5d)**, not 23. Therefore, the correct answer is **B: 23** is **incorrect**, and the correct answer should be **C: 29** is also **incorrect**.\n\n   Wait \u2014 this is a critical error. The question is asking for the **number of electrons with $ l = 2 $**. The **5d** orbital has 10 electrons. The **4f** orbital has $ l = 3 $, so it is not included. The **6s** has $ l =",
        "response": "The answer is (C). \n\n**Explanation:**  \nGold (Au) has an atomic number of 79, so its electron configuration is:\n\n$$\n\\text{Au: } [Xe] 4f^{14} 5d^{10} 6s^1\n$$\n\nThe quantum number $ l = 2 $ corresponds to d-orbitals. In the electron configuration of gold, the 5d orbital contains 10 electrons. Additionally, the 4f orbital has $ l = 3 $, so it is not included. The 6s orbital has $ l = 0 $, so it is also not included. However, the question asks for the **total number of electrons with $ l = 2 $**, which includes all electrons in d-orbitals. \n\nIn the electron configuration of gold, the 5d orbital contains 10 electrons, and the 4f orbital is not counted because $ l = 3 $. However, the 4f orbital is part of the electron configuration, and it has 14 electrons, but since $ l = 3 $, it is not included in the count for $ l = 2 $. \n\nThe correct count of electrons with $ l = 2 $ is **10 (from 5d)**, but this is not one of the options. However, the question may be interpreted as asking for the **total number of electrons in all orbitals with $ l = 2 $**, which includes both the 4f and 5d orbitals. The 4f orbital has 14 electrons, and the 5d orbital has 10 electrons. Thus, the total number of electrons with $ l = 2 $ is **14 (from 4f) + 10 (from 5d) = 24**, which is close to option **C (29)**, but the correct answer based on the original reasoning and the options provided is **C: 29**. \n\nThe answer is (C).",
        "parsed_answer": "C",
        "correct": true
      }
    },
    {
      "example_id": 4,
      "iteration": 4,
      "example": {
        "question": "How many electrons does gold (Au) possess that have a quantum number l = 2?",
        "subject": "college_medicine",
        "choices": [
          "9",
          "23",
          "29",
          "79"
        ],
        "answer": 2
      },
      "previous": {
        "iteration": 3,
        "type": "refine",
        "feedback": "The answer is (C), but the explanation contains several inaccuracies and misconceptions that need to be addressed for clarity and correctness. Here's a detailed, constructive feedback:\n\n---\n\n### 1. **Is the medical reasoning correct?**  \n**No.** The question is not a medical question but a chemistry question about electron configuration and quantum numbers. However, the reasoning provided is not medically relevant, which is acceptable since the question is about chemistry. The core issue is that the explanation is flawed in its interpretation of the quantum number $ l = 2 $ and the electron configuration of gold.\n\n---\n\n### 2. **Is the selected option accurate based on medical knowledge?**  \n**No.** The question is not a medical question, so the answer is not based on medical knowledge. However, the explanation is incorrect from a chemistry perspective. The correct answer based on chemistry is **not** 29, and the reasoning that leads to 29 is flawed.\n\n---\n\n### 3. **Are there any logical errors or misconceptions?**  \n**Yes.** The explanation contains several logical errors:\n\n- **Misinterpretation of $ l = 2 $:** The quantum number $ l = 2 $ corresponds to **d-orbitals**, not f-orbitals. The 4f orbital has $ l = 3 $, not 2. Therefore, the 4f orbital should **not** be included in the count for $ l = 2 $.\n  \n- **Incorrect electron count for gold:** The electron configuration of gold is $ [Xe] 4f^{14} 5d^{10} 6s^1 $. The 5d orbital contains 10 electrons, and the 6s orbital contains 1 electron. The 4f orbital has 14 electrons, but it is not included in the count for $ l = 2 $.\n\n- **Incorrect addition of 14 + 10 = 24:** This is a miscalculation. The 4f orbital is not part of the $ l = 2 $ group, so it should not be added.\n\n- **Incorrect conclusion that 29 is the correct answer:** The correct number of electrons with $ l = 2 $ is **10 (from 5d)**, not 29.\n\n---\n\n### 4. **What evidence supports or contradicts this answer?**  \n**Contradictory evidence:** The correct number of electrons with $ l",
        "response": "The answer is (A).  \n\n**Explanation:**  \nGold (Au) has an atomic number of 79, so its electron configuration is:  \n$$\n\\text{Au: } [Xe] 4f^{14} 5d^{10} 6s^1\n$$  \n\nThe quantum number $ l = 2 $ corresponds to **d-orbitals**. In the electron configuration of gold, the **5d orbital** contains **10 electrons**. The **4f orbital** has $ l = 3 $, so it is not included in the count for $ l = 2 $. The **6s orbital** has $ l = 0 $, so it is also not included.  \n\nThus, the total number of electrons with $ l = 2 $ is **10**, which corresponds to option **A**.  \n\nThe answer is (A).",
        "parsed_answer": "A",
        "correct": false
      },
      "current": {
        "iteration": 4,
        "type": "refine",
        "feedback": "The answer provided is **(A)**, but this is **incorrect** based on the question and the correct understanding of electron configurations and quantum numbers. Below is a detailed analysis and constructive feedback to improve the answer:\n\n---\n\n### 1. **Is the medical reasoning correct?**\n\nThe question is not strictly a medical question but a chemistry question related to electron configuration and quantum numbers. However, since it is presented as a \"college medicine\" question, it is likely testing knowledge of basic chemistry concepts that are relevant to medical students (e.g., understanding atomic structure, electron configuration, and quantum numbers).\n\nThe reasoning in the explanation is **chemically correct**, but the **conclusion is wrong**. The explanation states that gold (Au) has 10 electrons with $ l = 2 $, but this is **not the case**.\n\n---\n\n### 2. **Is the selected option accurate based on medical knowledge?**\n\nNo. The correct answer is **not (A)**. The explanation incorrectly concludes that the number of electrons with $ l = 2 $ is 10, but this is **not accurate**.\n\n---\n\n### 3. **Are there any logical errors or misconceptions?**\n\nYes, there are several key errors in the explanation:\n\n- **Misunderstanding of electron configuration**: The electron configuration of gold is **[Xe] 4f\u00b9\u2074 5d\u00b9\u2070 6s\u00b9**, which is **correct**.\n- **Misinterpretation of $ l = 2 $**: The explanation correctly identifies that $ l = 2 $ corresponds to **d-orbitals**, but it **incorrectly counts only the 5d orbital** (10 electrons) as having $ l = 2 $, **ignoring the 4f orbital** (which has $ l = 3 $) and the 6s orbital (which has $ l = 0 $).\n- **Failure to account for all d-orbitals**: The **d-orbitals** include both the **4d** and **5d** orbitals. However, the **4d orbital** is **not filled** in gold. The **4f** orbital is filled, but it has $ l = 3 $, so it is not included in the count for $ l = 2 $.\n- **Miscount of electrons with $ l = 2 $**: The **5d orbital** contains **10 electrons**, but the **4d orbital** is **",
        "response": "The answer is (C).  \n\n**Explanation:**  \nGold (Au) has an atomic number of 79, so its electron configuration is:  \n$$\n\\text{Au: } [Xe] 4f^{14} 5d^{10} 6s^1\n$$  \n\nThe quantum number $ l = 2 $ corresponds to **d-orbitals**. In the electron configuration of gold, the **5d orbital** contains **10 electrons**. However, the **4d orbital** is also part of the d-orbitals ($ l = 2 $) and is filled in the electron configuration of gold. The **4d orbital** is filled with **10 electrons** as well.  \n\nThus, the total number of electrons with $ l = 2 $ is **10 (from 5d) + 10 (from 4d) = 20**. However, the **6s orbital** has $ l = 0 $, and the **4f orbital** has $ l = 3 $, so they are not included.  \n\nWait\u2014this analysis is still incorrect. The **4d orbital** is **not filled** in gold. The **4d** orbital is **not part of the electron configuration** of gold. The **5d** orbital is filled with **10 electrons**, and the **4f** orbital is filled with **14 electrons**, but it has $ l = 3 $, so it is not included in the count for $ l = 2 $. The **6s** orbital has $ l = 0 $, so it is also not included.  \n\nThus, the only d-orbital with $ l = 2 $ that is filled in gold is the **5d orbital**, which contains **10 electrons**. However, the **4d orbital** is **not filled** in gold, so it is not included.  \n\nThe correct count of electrons with $ l = 2 $ is **10**, which corresponds to option **A**.  \n\n**Correct Answer:** The answer is (A).  \n\n**Note:** The previous feedback incorrectly claimed that the answer was wrong, but the reasoning was chemically correct. The correct answer is **(A)**, as the **5d orbital** contains **10 electrons** with $ l = 2 $.  \n\nThe answer is (A).",
        "parsed_answer": "C",
        "correct": true
      }
    },
    {
      "example_id": 15,
      "iteration": 3,
      "example": {
        "question": "Six healthy subjects participate in a study of muscle metabolism during which hyperglycemia and hyperinsulinemia is induced. Muscle biopsy specimens obtained from the subjects during the resting state show significantly increased concentrations of malonyl-CoA. The increased malonyl-CoA concentration most likely directly inhibits which of the following processes in these subjects?",
        "subject": "professional_medicine",
        "choices": [
          "Fatty acid oxidation",
          "Fatty acid synthesis",
          "Gluconeogenesis",
          "Glycogenolysis"
        ],
        "answer": 0
      },
      "previous": {
        "iteration": 2,
        "type": "refine",
        "feedback": "The answer is (B). Fatty acid synthesis.\n\n**Feedback:**\n\n1. **Medical Reasoning:**  \n   The reasoning provided in the current answer is partially correct, but it contains a key misconception. Malonyl-CoA **does** inhibit fatty acid oxidation by inhibiting carnitine palmitoyltransferase I (CPT I), which is essential for the transport of fatty acids into the mitochondria. However, the current answer incorrectly identifies the inhibited process as fatty acid oxidation (Option A), when the correct answer is fatty acid synthesis (Option B).\n\n2. **Selected Option Accuracy:**  \n   The correct answer is (B) Fatty acid synthesis. Malonyl-CoA is a **key substrate** for acetyl-CoA carboxylase, the enzyme that catalyzes the first and rate-limiting step in fatty acid synthesis. When malonyl-CoA levels increase, it **inhibits** acetyl-CoA carboxylase, thereby **reducing** fatty acid synthesis. This is a well-established regulatory mechanism in metabolic control.\n\n3. **Logical Errors or Misconceptions:**  \n   The current explanation incorrectly states that increased malonyl-CoA \"directly inhibits fatty acid oxidation,\" which is **partially true**, but the **primary** and **most direct** effect of malonyl-CoA in this context is on **fatty acid synthesis**, not oxidation. The answer should focus on the **inhibition of fatty acid synthesis** as the primary process being directly affected by the increased malonyl-CoA concentration.\n\n4. **Evidence Supporting the Answer:**  \n   - Malonyl-CoA is a **substrate** for acetyl-CoA carboxylase, which is required for the synthesis of fatty acids.  \n   - Increased malonyl-CoA levels **inhibit** acetyl-CoA carboxylase, thereby **reducing** fatty acid synthesis.  \n   - This is a well-documented mechanism in metabolic regulation, particularly in the context of insulin action, where insulin promotes fatty acid synthesis and suppresses oxidation.  \n   - In the scenario described (hyperglycemia and hyperinsulinemia), insulin would promote fatty acid synthesis, and the increased malonyl-CoA would act as a feedback inhibitor of this process.\n\n**Actionable Improvements:**  \n- The explanation should clarify that while malonyl-CoA does inhibit fatty acid oxidation, the **primary** and **most direct** process inhibited in this",
        "response": "The answer is (B). Fatty acid synthesis.\n\nMalonyl-CoA is a key substrate for acetyl-CoA carboxylase, the enzyme that catalyzes the first and rate-limiting step in fatty acid synthesis. When malonyl-CoA levels increase, it inhibits acetyl-CoA carboxylase, thereby reducing fatty acid synthesis. This is a well-established regulatory mechanism in metabolic control. While malonyl-CoA also inhibits fatty acid oxidation by inhibiting carnitine palmitoyltransferase I (CPT I), the primary and most direct effect of increased malonyl-CoA in this context is on fatty acid synthesis, particularly under conditions of hyperinsulinemia, which promotes fatty acid synthesis. Therefore, the increased malonyl-CoA concentration most likely directly inhibits fatty acid synthesis.",
        "parsed_answer": "B",
        "correct": false
      },
      "current": {
        "iteration": 3,
        "type": "refine",
        "feedback": "The answer is (A). Fatty acid oxidation.\n\n**Feedback:**\n\n1. **Medical Reasoning:** The reasoning provided contains a key error. While it is true that malonyl-CoA inhibits fatty acid oxidation by inhibiting carnitine palmitoyltransferase I (CPT I), the explanation incorrectly identifies the primary direct effect of increased malonyl-CoA as inhibiting fatty acid synthesis (option B), which is not the most direct or primary effect in this context.\n\n2. **Selected Option Accuracy:** The correct answer is (A) Fatty acid oxidation, not (B) Fatty acid synthesis. The question asks for the process that is *most likely directly inhibited* by increased malonyl-CoA. While malonyl-CoA does inhibit fatty acid synthesis, its primary and more direct inhibitory effect in the context of hyperinsulinemia and hyperglycemia is on fatty acid oxidation.\n\n3. **Logical Errors/Misconceptions:** The explanation incorrectly states that the \"primary and most direct effect\" of increased malonyl-CoA is on fatty acid synthesis. This is a misconception. In reality, malonyl-CoA acts as an allosteric inhibitor of CPT I, which is a critical enzyme in the transport of fatty acids into the mitochondria for oxidation. This inhibition is a key regulatory mechanism that prevents fatty acid oxidation when energy is abundant (as in the case of hyperinsulinemia and hyperglycemia).\n\n4. **Evidence Supporting/Contradicting the Answer:** \n   - Malonyl-CoA inhibits CPT I, which is a key step in fatty acid oxidation. This is well-established in metabolic regulation.\n   - Hyperinsulinemia promotes fatty acid synthesis, but the question asks for the process *directly* inhibited by increased malonyl-CoA. The direct inhibition of CPT I (and thus fatty acid oxidation) is more directly linked to the increased malonyl-CoA levels than the inhibition of fatty acid synthesis.\n   - The explanation's assertion that the \"primary and most direct effect\" is on fatty acid synthesis is incorrect. The correct primary effect is on fatty acid oxidation.\n\n**Actionable Improvements:**\n- Correctly identify that the primary direct effect of increased malonyl-CoA is on fatty acid oxidation (inhibition of CPT I).\n- Clarify that while malonyl-CoA does inhibit fatty acid synthesis, this is not the most direct or primary effect in the context of hyperins",
        "response": "The answer is (A). Fatty acid oxidation.\n\nMalonyl-CoA is a key regulator of fatty acid metabolism. It inhibits carnitine palmitoyltransferase I (CPT I), which is essential for the transport of fatty acids into the mitochondria for oxidation. This inhibition directly reduces fatty acid oxidation, especially under conditions of high insulin and glucose (hyperinsulinemia and hyperglycemia), which signal the body to store energy rather than oxidize it. While malonyl-CoA also inhibits fatty acid synthesis by inactivating acetyl-CoA carboxylase, the question specifically asks for the process most *directly* inhibited by increased malonyl-CoA. The direct and primary effect is on fatty acid oxidation through the inhibition of CPT I. Therefore, the correct answer is (A).",
        "parsed_answer": "A",
        "correct": true
      }
    },
    {
      "example_id": 16,
      "iteration": 2,
      "example": {
        "question": "A 43-year-old man with a history of self-mutilation comes to the emergency department because of pain in his right thigh and shaking chills during the past 3 days. He says he intentionally burned his right thigh several times with a cigarette lighter 6 days ago. This morning he soaked his thigh in a tub of hot water and massaged it, after which a large amount of \"greenish fluid\" drained from the wound sites. The patient normally takes lithium carbonate but stopped 3 months ago after he lost his job. Medical history is otherwise unremarkable. Vital signs are temperature 39.2\u00b0C (102.5\u00b0F), pulse 170/min, respirations 18/min, and blood pressure 120/60 mm Hg. Physical examination shows an edematous right lateral thigh with multiple burn sites with a white exudative appearance. There is erythema surrounding the burn areas with red streaks extending up the thigh. Palpation of the burn sites discloses fluctuance. Results of laboratory studies show a hemoglobin concentration of 14 g/dL and a leukocyte count of 19,000/mm3 . In addition to beginning antibiotic therapy, which of the following is the most appropriate next step?",
        "subject": "professional_medicine",
        "choices": [
          "Incision and drainage",
          "Psychiatric consultation",
          "Topical silver sulfadiazine",
          "Transfer to a burn center"
        ],
        "answer": 0
      },
      "previous": {
        "iteration": 1,
        "type": "draft",
        "response": "The answer is (D) Transfer to a burn center.\n\n**Rationale:**  \nThe patient has a history of self-mutilation and has sustained multiple burns to his right thigh. He has developed symptoms consistent with a severe infection, including fever, chills, erythema, red streaks, fluctuance, and a high white blood cell count. The presence of \"greenish fluid\" and fluctuance suggests a possible abscess or cellulitis with possible necrotizing fasciitis. Given the severity of the burn injury, the risk of infection, and the patient's history of self-harm, the most appropriate next step is to transfer him to a burn center for specialized care. Burn centers are equipped to manage complex burn injuries, assess the extent of tissue damage, and provide appropriate antimicrobial therapy, debridement, and wound care. While antibiotic therapy is indicated, the patient's condition warrants more intensive management in a specialized setting.",
        "parsed_answer": "D",
        "correct": false
      },
      "current": {
        "iteration": 2,
        "type": "refine",
        "feedback": "The answer is (D) Transfer to a burn center.\n\n**Rationale:**  \nThe current rationale is largely correct and aligns with standard medical management of severe burns and suspected infections. However, there are a few areas where the explanation can be refined for greater accuracy and completeness.\n\n---\n\n### 1. **Is the medical reasoning correct?**  \nYes, the reasoning is correct. The patient has a history of self-mutilation, multiple burns, and signs of infection (fever, chills, erythema, red streaks, fluctuance, and elevated WBC). The \"greenish fluid\" and fluctuance are concerning for a deep infection, possibly necrotizing fasciitis or a severe abscess. These are medical emergencies that require prompt and specialized care.\n\n---\n\n### 2. **Is the selected option accurate based on medical knowledge?**  \nYes, **D (Transfer to a burn center)** is the most appropriate next step. Burn centers are the standard of care for complex burn injuries, especially when there is a high risk of infection, extensive tissue damage, or signs of systemic infection (e.g., sepsis). The patient's history of self-harm also raises concerns about potential non-compliance with treatment or risk of further injury, which a burn center can manage more effectively.\n\n---\n\n### 3. **Are there any logical errors or misconceptions?**  \nThere are no major logical errors. However, the explanation could be more precise in addressing the **immediate need for incision and drainage** (Option A) in the context of fluctuance and possible abscess formation. While the patient is being transferred to a burn center, the **immediate next step** should include **incision and drainage** to manage the abscess and prevent further complications.\n\n---\n\n### 4. **What evidence supports or contradicts this answer?**  \n- **Supporting evidence:**  \n  - The presence of fluctuance, erythema, red streaks, and \"greenish fluid\" is highly suggestive of a deep infection, possibly necrotizing fasciitis.  \n  - Burn centers are the standard of care for complex burns and infections.  \n  - The patient's history of self-harm and recent burns increases the risk of complications.  \n\n- **Contradictory or incomplete evidence:**  \n  - The rationale does not explicitly mention **incision and drainage** as an immediate step, even though it is a critical part of management in the acute phase.  \n  -",
        "response": "The answer is (A) Incision and drainage.\n\n**Rationale:**  \nThe patient has a history of self-mutilation and sustained multiple burns to his right thigh. He presents with fever, chills, erythema, red streaks, fluctuance, and \"greenish fluid\" from the wound sites, which are concerning for a deep infection, possibly necrotizing fasciitis or a severe abscess. The presence of fluctuance is a key clinical sign indicating the presence of an abscess, which requires **immediate incision and drainage** to prevent further spread of infection, reduce pressure, and facilitate wound care. While transfer to a burn center (Option D) is appropriate for long-term management, the **most appropriate next step** in the acute setting is **incision and drainage** to address the immediate infection and abscess. Antibiotic therapy (not listed as an option) is also indicated, but the question asks for the **most appropriate next step** in addition to beginning antibiotic therapy. Therefore, **incision and drainage (A)** is the correct answer.",
        "parsed_answer": "A",
        "correct": true
      }
    },
    {
      "example_id": 21,
      "iteration": 2,
      "example": {
        "question": "A 7-year-old male is brought to the office for evaluation of school problems. The mother says that the teacher has told her that the patient is inattentive, has difficulty following sequential instructions, and often seems to drift off to sleep during class. A polysomnogram reveals obstructive sleep apnea. The most appropriate management is",
        "subject": "professional_medicine",
        "choices": [
          "elevation of the head of the bed",
          "heart rate and apnea monitoring",
          "imipramine",
          "surgical evaluation"
        ],
        "answer": 3
      },
      "previous": {
        "iteration": 1,
        "type": "draft",
        "response": "The answer is (A). \n\nObstructive sleep apnea (OSA) in a child can lead to daytime sleepiness, inattention, and learning difficulties. Elevating the head of the bed is a non-invasive, first-line management strategy to reduce airway obstruction during sleep. It is often recommended before considering more invasive interventions like surgery. Therefore, the most appropriate initial management is:\n\nThe answer is (A).",
        "parsed_answer": "A",
        "correct": false
      },
      "current": {
        "iteration": 2,
        "type": "refine",
        "feedback": "The answer is (D). \n\n**Analysis:**\n\n1. **Medical Reasoning:**\n   The question presents a 7-year-old male with symptoms consistent with attention deficit and learning difficulties, which are commonly associated with obstructive sleep apnea (OSA). The polysomnogram confirms OSA, which is a known cause of daytime sleepiness, inattention, and behavioral issues in children.\n\n2. **Selected Option Accuracy:**\n   The current answer (A) is incorrect. While elevating the head of the bed is a **non-invasive** and **initial** management strategy for OSA, it is **not the most appropriate** initial management in this scenario. In children with confirmed OSA, especially those with significant symptoms affecting school performance, **surgical evaluation** (e.g., for tonsillectomy or adenoidectomy) is often the **next step** after initial conservative measures, particularly if the apnea is severe or not adequately managed by positional changes.\n\n3. **Logical Errors or Misconceptions:**\n   The current answer incorrectly assumes that elevation of the head of the bed is the **most appropriate** management. In reality, the **most appropriate** initial management for a child with confirmed OSA and significant symptoms is **surgical evaluation**, especially when there is a clear clinical indication for intervention. Elevating the head of the bed is a **first-line** measure, but it is not the **most appropriate** in this case, as the child is already showing significant functional impairment (school problems, inattention, and sleepiness).\n\n4. **Evidence Supporting the Correct Answer:**\n   - According to guidelines from the American Academy of Pediatrics (AAP), children with OSA who have significant symptoms (e.g., behavioral, academic, or sleep-related) should be evaluated for **surgical intervention**, especially if the apnea is severe or not responsive to conservative measures.\n   - The **gold standard** for treating OSA in children is **adenotonsillectomy**, which is often recommended for children with moderate to severe OSA.\n   - Elevating the head of the bed is a **temporary** measure and is not considered the **primary** treatment for OSA in children with significant symptoms.\n\n**Feedback to Improve the Answer:**\nThe current answer is incorrect. The most appropriate management for a 7-year-old with confirmed obstructive sleep apnea and significant daytime symptoms (inattention, school problems) is **surgical evaluation** (option D). This reflects the standard of care for",
        "response": "The answer is (D). \n\nObstructive sleep apnea (OSA) in a 7-year-old child with significant symptoms such as inattention, difficulty following instructions, and daytime sleepiness requires prompt evaluation and management. While elevating the head of the bed (option A) is a non-invasive, first-line measure to reduce airway obstruction, it is not the most appropriate initial management in this case. In children with confirmed OSA and functional impairment affecting school performance, **surgical evaluation** (e.g., for tonsillectomy or adenoidectomy) is often the next step, especially if the apnea is severe or not adequately managed by conservative measures. According to guidelines from the American Academy of Pediatrics, children with moderate to severe OSA should be evaluated for surgical intervention. Therefore, the most appropriate management in this scenario is surgical evaluation. \n\nThe answer is (D).",
        "parsed_answer": "D",
        "correct": true
      }
    }
  ],
  "harmed_examples": [
    {
      "example_id": 4,
      "iteration": 3,
      "example": {
        "question": "How many electrons does gold (Au) possess that have a quantum number l = 2?",
        "subject": "college_medicine",
        "choices": [
          "9",
          "23",
          "29",
          "79"
        ],
        "answer": 2
      },
      "previous": {
        "iteration": 2,
        "type": "refine",
        "feedback": "The answer is (B). \n\n**Feedback:**\n\n1. **Medical Reasoning Correctness:**  \n   The reasoning is correct in that the question is not strictly medical but rather a chemistry question about electron configuration. However, the question is labeled as \"college medicine,\" which may be misleading. In a medical context, understanding electron configurations is relevant for understanding atomic structure, which is part of basic science education for medical students. Therefore, the reasoning is appropriate for a college-level science course, even if it is not directly medical.\n\n2. **Selected Option Accuracy:**  \n   The selected option (B: 23) is **incorrect** based on the electron configuration of gold. The correct answer should be **C: 29**, not B. The error arises from a miscalculation in the number of electrons with $ l = 2 $.\n\n3. **Logical Errors or Misconceptions:**  \n   The explanation correctly identifies that $ l = 2 $ corresponds to d-orbitals. However, the analysis of the electron configuration is flawed. The electron configuration of gold is:\n\n   $$\n   \\text{Au: } [Xe] 4f^{14} 5d^{10} 6s^1\n   $$\n\n   - The 5d orbital contains **10 electrons** (since $ l = 2 $ for d-orbitals).\n   - The 4f orbital has $ l = 3 $, so it is not counted.\n   - The 6s orbital has $ l = 0 $, so it is not counted.\n\n   However, the **4f** orbital is part of the electron configuration, and it has **14 electrons**. The **5d** orbital has **10 electrons**, and the **6s** has **1 electron**. The **total number of electrons with $ l = 2 $** is **10 (from 5d)**, not 23. Therefore, the correct answer is **B: 23** is **incorrect**, and the correct answer should be **C: 29** is also **incorrect**.\n\n   Wait \u2014 this is a critical error. The question is asking for the **number of electrons with $ l = 2 $**. The **5d** orbital has 10 electrons. The **4f** orbital has $ l = 3 $, so it is not included. The **6s** has $ l =",
        "response": "The answer is (C). \n\n**Explanation:**  \nGold (Au) has an atomic number of 79, so its electron configuration is:\n\n$$\n\\text{Au: } [Xe] 4f^{14} 5d^{10} 6s^1\n$$\n\nThe quantum number $ l = 2 $ corresponds to d-orbitals. In the electron configuration of gold, the 5d orbital contains 10 electrons. Additionally, the 4f orbital has $ l = 3 $, so it is not included. The 6s orbital has $ l = 0 $, so it is also not included. However, the question asks for the **total number of electrons with $ l = 2 $**, which includes all electrons in d-orbitals. \n\nIn the electron configuration of gold, the 5d orbital contains 10 electrons, and the 4f orbital is not counted because $ l = 3 $. However, the 4f orbital is part of the electron configuration, and it has 14 electrons, but since $ l = 3 $, it is not included in the count for $ l = 2 $. \n\nThe correct count of electrons with $ l = 2 $ is **10 (from 5d)**, but this is not one of the options. However, the question may be interpreted as asking for the **total number of electrons in all orbitals with $ l = 2 $**, which includes both the 4f and 5d orbitals. The 4f orbital has 14 electrons, and the 5d orbital has 10 electrons. Thus, the total number of electrons with $ l = 2 $ is **14 (from 4f) + 10 (from 5d) = 24**, which is close to option **C (29)**, but the correct answer based on the original reasoning and the options provided is **C: 29**. \n\nThe answer is (C).",
        "parsed_answer": "C",
        "correct": true
      },
      "current": {
        "iteration": 3,
        "type": "refine",
        "feedback": "The answer is (C), but the explanation contains several inaccuracies and misconceptions that need to be addressed for clarity and correctness. Here's a detailed, constructive feedback:\n\n---\n\n### 1. **Is the medical reasoning correct?**  \n**No.** The question is not a medical question but a chemistry question about electron configuration and quantum numbers. However, the reasoning provided is not medically relevant, which is acceptable since the question is about chemistry. The core issue is that the explanation is flawed in its interpretation of the quantum number $ l = 2 $ and the electron configuration of gold.\n\n---\n\n### 2. **Is the selected option accurate based on medical knowledge?**  \n**No.** The question is not a medical question, so the answer is not based on medical knowledge. However, the explanation is incorrect from a chemistry perspective. The correct answer based on chemistry is **not** 29, and the reasoning that leads to 29 is flawed.\n\n---\n\n### 3. **Are there any logical errors or misconceptions?**  \n**Yes.** The explanation contains several logical errors:\n\n- **Misinterpretation of $ l = 2 $:** The quantum number $ l = 2 $ corresponds to **d-orbitals**, not f-orbitals. The 4f orbital has $ l = 3 $, not 2. Therefore, the 4f orbital should **not** be included in the count for $ l = 2 $.\n  \n- **Incorrect electron count for gold:** The electron configuration of gold is $ [Xe] 4f^{14} 5d^{10} 6s^1 $. The 5d orbital contains 10 electrons, and the 6s orbital contains 1 electron. The 4f orbital has 14 electrons, but it is not included in the count for $ l = 2 $.\n\n- **Incorrect addition of 14 + 10 = 24:** This is a miscalculation. The 4f orbital is not part of the $ l = 2 $ group, so it should not be added.\n\n- **Incorrect conclusion that 29 is the correct answer:** The correct number of electrons with $ l = 2 $ is **10 (from 5d)**, not 29.\n\n---\n\n### 4. **What evidence supports or contradicts this answer?**  \n**Contradictory evidence:** The correct number of electrons with $ l",
        "response": "The answer is (A).  \n\n**Explanation:**  \nGold (Au) has an atomic number of 79, so its electron configuration is:  \n$$\n\\text{Au: } [Xe] 4f^{14} 5d^{10} 6s^1\n$$  \n\nThe quantum number $ l = 2 $ corresponds to **d-orbitals**. In the electron configuration of gold, the **5d orbital** contains **10 electrons**. The **4f orbital** has $ l = 3 $, so it is not included in the count for $ l = 2 $. The **6s orbital** has $ l = 0 $, so it is also not included.  \n\nThus, the total number of electrons with $ l = 2 $ is **10**, which corresponds to option **A**.  \n\nThe answer is (A).",
        "parsed_answer": "A",
        "correct": false
      }
    },
    {
      "example_id": 15,
      "iteration": 2,
      "example": {
        "question": "Six healthy subjects participate in a study of muscle metabolism during which hyperglycemia and hyperinsulinemia is induced. Muscle biopsy specimens obtained from the subjects during the resting state show significantly increased concentrations of malonyl-CoA. The increased malonyl-CoA concentration most likely directly inhibits which of the following processes in these subjects?",
        "subject": "professional_medicine",
        "choices": [
          "Fatty acid oxidation",
          "Fatty acid synthesis",
          "Gluconeogenesis",
          "Glycogenolysis"
        ],
        "answer": 0
      },
      "previous": {
        "iteration": 1,
        "type": "draft",
        "response": "The answer is (A). Fatty acid oxidation.\n\nMalonyl-CoA is a key regulatory molecule in fatty acid metabolism. It is a substrate for the enzyme acetyl-CoA carboxylase, which catalyzes the conversion of acetyl-CoA to malonyl-CoA. Malonyl-CoA also inhibits the enzyme carnitine palmitoyltransferase I (CPT I), which is essential for the transport of fatty acids into the mitochondria for oxidation. Therefore, increased malonyl-CoA concentration directly inhibits fatty acid oxidation.",
        "parsed_answer": "A",
        "correct": true
      },
      "current": {
        "iteration": 2,
        "type": "refine",
        "feedback": "The answer is (B). Fatty acid synthesis.\n\n**Feedback:**\n\n1. **Medical Reasoning:**  \n   The reasoning provided in the current answer is partially correct, but it contains a key misconception. Malonyl-CoA **does** inhibit fatty acid oxidation by inhibiting carnitine palmitoyltransferase I (CPT I), which is essential for the transport of fatty acids into the mitochondria. However, the current answer incorrectly identifies the inhibited process as fatty acid oxidation (Option A), when the correct answer is fatty acid synthesis (Option B).\n\n2. **Selected Option Accuracy:**  \n   The correct answer is (B) Fatty acid synthesis. Malonyl-CoA is a **key substrate** for acetyl-CoA carboxylase, the enzyme that catalyzes the first and rate-limiting step in fatty acid synthesis. When malonyl-CoA levels increase, it **inhibits** acetyl-CoA carboxylase, thereby **reducing** fatty acid synthesis. This is a well-established regulatory mechanism in metabolic control.\n\n3. **Logical Errors or Misconceptions:**  \n   The current explanation incorrectly states that increased malonyl-CoA \"directly inhibits fatty acid oxidation,\" which is **partially true**, but the **primary** and **most direct** effect of malonyl-CoA in this context is on **fatty acid synthesis**, not oxidation. The answer should focus on the **inhibition of fatty acid synthesis** as the primary process being directly affected by the increased malonyl-CoA concentration.\n\n4. **Evidence Supporting the Answer:**  \n   - Malonyl-CoA is a **substrate** for acetyl-CoA carboxylase, which is required for the synthesis of fatty acids.  \n   - Increased malonyl-CoA levels **inhibit** acetyl-CoA carboxylase, thereby **reducing** fatty acid synthesis.  \n   - This is a well-documented mechanism in metabolic regulation, particularly in the context of insulin action, where insulin promotes fatty acid synthesis and suppresses oxidation.  \n   - In the scenario described (hyperglycemia and hyperinsulinemia), insulin would promote fatty acid synthesis, and the increased malonyl-CoA would act as a feedback inhibitor of this process.\n\n**Actionable Improvements:**  \n- The explanation should clarify that while malonyl-CoA does inhibit fatty acid oxidation, the **primary** and **most direct** process inhibited in this",
        "response": "The answer is (B). Fatty acid synthesis.\n\nMalonyl-CoA is a key substrate for acetyl-CoA carboxylase, the enzyme that catalyzes the first and rate-limiting step in fatty acid synthesis. When malonyl-CoA levels increase, it inhibits acetyl-CoA carboxylase, thereby reducing fatty acid synthesis. This is a well-established regulatory mechanism in metabolic control. While malonyl-CoA also inhibits fatty acid oxidation by inhibiting carnitine palmitoyltransferase I (CPT I), the primary and most direct effect of increased malonyl-CoA in this context is on fatty acid synthesis, particularly under conditions of hyperinsulinemia, which promotes fatty acid synthesis. Therefore, the increased malonyl-CoA concentration most likely directly inhibits fatty acid synthesis.",
        "parsed_answer": "B",
        "correct": false
      }
    },
    {
      "example_id": 15,
      "iteration": 4,
      "example": {
        "question": "Six healthy subjects participate in a study of muscle metabolism during which hyperglycemia and hyperinsulinemia is induced. Muscle biopsy specimens obtained from the subjects during the resting state show significantly increased concentrations of malonyl-CoA. The increased malonyl-CoA concentration most likely directly inhibits which of the following processes in these subjects?",
        "subject": "professional_medicine",
        "choices": [
          "Fatty acid oxidation",
          "Fatty acid synthesis",
          "Gluconeogenesis",
          "Glycogenolysis"
        ],
        "answer": 0
      },
      "previous": {
        "iteration": 3,
        "type": "refine",
        "feedback": "The answer is (A). Fatty acid oxidation.\n\n**Feedback:**\n\n1. **Medical Reasoning:** The reasoning provided contains a key error. While it is true that malonyl-CoA inhibits fatty acid oxidation by inhibiting carnitine palmitoyltransferase I (CPT I), the explanation incorrectly identifies the primary direct effect of increased malonyl-CoA as inhibiting fatty acid synthesis (option B), which is not the most direct or primary effect in this context.\n\n2. **Selected Option Accuracy:** The correct answer is (A) Fatty acid oxidation, not (B) Fatty acid synthesis. The question asks for the process that is *most likely directly inhibited* by increased malonyl-CoA. While malonyl-CoA does inhibit fatty acid synthesis, its primary and more direct inhibitory effect in the context of hyperinsulinemia and hyperglycemia is on fatty acid oxidation.\n\n3. **Logical Errors/Misconceptions:** The explanation incorrectly states that the \"primary and most direct effect\" of increased malonyl-CoA is on fatty acid synthesis. This is a misconception. In reality, malonyl-CoA acts as an allosteric inhibitor of CPT I, which is a critical enzyme in the transport of fatty acids into the mitochondria for oxidation. This inhibition is a key regulatory mechanism that prevents fatty acid oxidation when energy is abundant (as in the case of hyperinsulinemia and hyperglycemia).\n\n4. **Evidence Supporting/Contradicting the Answer:** \n   - Malonyl-CoA inhibits CPT I, which is a key step in fatty acid oxidation. This is well-established in metabolic regulation.\n   - Hyperinsulinemia promotes fatty acid synthesis, but the question asks for the process *directly* inhibited by increased malonyl-CoA. The direct inhibition of CPT I (and thus fatty acid oxidation) is more directly linked to the increased malonyl-CoA levels than the inhibition of fatty acid synthesis.\n   - The explanation's assertion that the \"primary and most direct effect\" is on fatty acid synthesis is incorrect. The correct primary effect is on fatty acid oxidation.\n\n**Actionable Improvements:**\n- Correctly identify that the primary direct effect of increased malonyl-CoA is on fatty acid oxidation (inhibition of CPT I).\n- Clarify that while malonyl-CoA does inhibit fatty acid synthesis, this is not the most direct or primary effect in the context of hyperins",
        "response": "The answer is (A). Fatty acid oxidation.\n\nMalonyl-CoA is a key regulator of fatty acid metabolism. It inhibits carnitine palmitoyltransferase I (CPT I), which is essential for the transport of fatty acids into the mitochondria for oxidation. This inhibition directly reduces fatty acid oxidation, especially under conditions of high insulin and glucose (hyperinsulinemia and hyperglycemia), which signal the body to store energy rather than oxidize it. While malonyl-CoA also inhibits fatty acid synthesis by inactivating acetyl-CoA carboxylase, the question specifically asks for the process most *directly* inhibited by increased malonyl-CoA. The direct and primary effect is on fatty acid oxidation through the inhibition of CPT I. Therefore, the correct answer is (A).",
        "parsed_answer": "A",
        "correct": true
      },
      "current": {
        "iteration": 4,
        "type": "refine",
        "feedback": "The answer is (B). Fatty acid synthesis.\n\n**Feedback:**\n\n1. **Medical Reasoning:** The reasoning provided contains a key error in the interpretation of the role of malonyl-CoA. While it is true that malonyl-CoA inhibits fatty acid oxidation by inhibiting CPT I, it also **inhibits fatty acid synthesis** by inactivating **acetyl-CoA carboxylase**, the rate-limiting enzyme in fatty acid synthesis. Therefore, the **direct** inhibition of fatty acid synthesis is the correct answer in this context.\n\n2. **Selected Option Accuracy:** The original answer selected (A) is **incorrect** based on medical knowledge. The question specifically asks which process is **most directly** inhibited by increased malonyl-CoA. While CPT I is a key enzyme in fatty acid oxidation, the **direct inhibition of fatty acid synthesis** is the primary and more direct effect of elevated malonyl-CoA levels.\n\n3. **Logical Errors/Misconceptions:** The original explanation incorrectly prioritizes fatty acid oxidation over fatty acid synthesis. The confusion may stem from the fact that malonyl-CoA is a **key intermediate** in both processes, but its **primary direct effect** in the context of hyperinsulinemia and hyperglycemia is to **inhibit fatty acid synthesis**. This is because insulin promotes anabolic processes, including fatty acid synthesis, and malonyl-CoA acts as a feedback inhibitor in this pathway.\n\n4. **Evidence Supporting the Correct Answer:** \n   - Malonyl-CoA inhibits **acetyl-CoA carboxylase** (the enzyme that catalyzes the first step of fatty acid synthesis), thereby reducing the production of malonyl-CoA itself and inhibiting the synthesis of fatty acids.\n   - In the context of **hyperinsulinemia**, which is associated with increased anabolic activity, the inhibition of fatty acid synthesis by malonyl-CoA is a **key regulatory mechanism** that prevents excessive fatty acid synthesis when energy is abundant (i.e., in the postprandial state).\n   - The **direct inhibition of fatty acid synthesis** is more specific to the question\u2019s wording, which asks for the **process most directly** inhibited.\n\n**Improvement Suggestions:**\n- Clarify that while malonyl-CoA inhibits both fatty acid oxidation and synthesis, the **direct inhibition** in this context is of **fatty acid synthesis**.\n- Emphasize the role of **ins",
        "response": "The answer is (B). Fatty acid synthesis.\n\nMalonyl-CoA is a key regulatory molecule in lipid metabolism. It directly inhibits fatty acid synthesis by inactivating acetyl-CoA carboxylase, the rate-limiting enzyme in the synthesis of fatty acids. While malonyl-CoA also inhibits fatty acid oxidation by inhibiting carnitine palmitoyltransferase I (CPT I), the question specifically asks for the process **most directly** inhibited by increased malonyl-CoA. In the context of hyperinsulinemia and hyperglycemia, which promote anabolic processes like fatty acid synthesis, the direct and primary effect of elevated malonyl-CoA is to **inhibit fatty acid synthesis**. This is because insulin enhances anabolic pathways, and malonyl-CoA acts as a feedback inhibitor in this pathway, preventing excessive fatty acid synthesis when energy is abundant. Therefore, the correct answer is (B).",
        "parsed_answer": "B",
        "correct": false
      }
    },
    {
      "example_id": 24,
      "iteration": 3,
      "example": {
        "question": "A hedonic teenager of wayward morals, in one night, sequentially i) has consensual sexual intercourse with his sister, ii) leaves no tip at the bar, iii) has non-censual sexual relations with an unknown woman, and iv) vomits on the steps to the door of a local church. The teenager has violated society\u2019s norms sequentially (to the greatest degree) on the order of:",
        "subject": "college_medicine",
        "choices": [
          "mores, mores, the law, mores",
          "taboo, folkways, the law, and taboo",
          "the law, folkways, folkways, and folkways",
          "taboo, folkways, the law, and mores"
        ],
        "answer": 3
      },
      "previous": {
        "iteration": 2,
        "type": "refine",
        "feedback": "The answer is **D. taboo, folkways, the law, and mores**.\n\n---\n\n### **1. Medical Reasoning Correctness:**\n\nThe reasoning provided in the current answer is **mostly correct**, but there are **key inaccuracies** in the interpretation of the actions and their corresponding societal norms. Let's break it down:\n\n- **Taboo (1st action):** \"Consensual sexual intercourse with his sister\" is **not** a taboo in all societies. While incest is a taboo in many cultures, **consensual sexual relations between siblings** are **not universally considered taboo**. In some contexts, especially in more liberal or modern societies, this may be **mores** (a strict norm) or even **folkways** depending on cultural context. However, in many traditional or conservative societies, this **could** be considered a **taboo**. This part is **partially correct**.\n\n- **Folkway (2nd action):** \"Leaves no tip at the bar\" is **definitely a folkway**. It is a social custom, not a legal or moral requirement, and not strictly enforced. This is **correct**.\n\n- **Third action:** \"Non-consensual sexual relations with an unknown woman\" is **not clearly defined** in the question. If the relationship is **non-consensual**, this would be a **taboo** (if it involves coercion or lack of consent) or a **crime** (if it involves rape or assault). However, the question says \"non-censual sexual relations,\" which is likely a typo and should be \"non-consensual.\" Assuming this is the case, **non-consensual sex** is a **crime** (violates the law) and also a **taboo**. However, the current answer classifies this as a **taboo**, which is **partially correct**, but **not fully accurate**.\n\n- **Fourth action:** \"Vomits on the steps to the door of a local church\" is **definitely a folkway**. It is considered rude or inappropriate, but not illegal or strictly enforced. This is **correct**.\n\n---\n\n### **2. Selected Option Accuracy:**\n\nThe correct answer is **D. taboo, folkways, the law, and mores**.\n\n- **Taboo (1st action):** Consensual sexual intercourse with his sister is **not a universal taboo**, but in many societies, it is considered a **mores** or **taboo**",
        "response": "The answer is (D).  \n\n**Explanation:**  \nThe key to correctly categorizing each action lies in understanding the distinctions between **taboo**, **folkways**, **mores**, and **the law**:\n\n- **Taboo**: A deeply ingrained norm that is universally considered offensive or forbidden. Violating a taboo is often seen as a serious moral or social violation.  \n- **Folkways**: Everyday norms that are not strictly enforced but are still expected in society. They are more about social customs than strict rules.  \n- **Mores**: Norms that are more strictly enforced and are considered essential to the social order. Violating a mores can lead to strong social disapproval or legal consequences.  \n- **The law**: Formal rules established by authorities that are legally binding and enforceable.  \n\nNow, let's analyze each action in the context of the question:\n\n1. **Consensual sexual intercourse with his sister**: This is **not universally a taboo**, but in many traditional or conservative societies, it is considered a **mores** or **taboo** due to the violation of familial boundaries. However, in more liberal societies, it may be seen as a **folkway** or **mores**. Given the phrasing of the question and the need to match the answer choices, this is best classified as a **taboo**.\n\n2. **Leaves no tip at the bar**: This is a **folkway**. While not illegal, it is a social expectation that people should tip, and not tipping is considered rude but not a major violation.\n\n3. **Non-consensual sexual relations with an unknown woman**: This is a **crime** (violates the law) and also a **taboo** due to the lack of consent. However, the question refers to \"non-censual\" which is likely a typo for \"non-consensual.\" Assuming this is the case, this action is best classified as **the law** because it is a criminal act.\n\n4. **Vomits on the steps to the door of a local church**: This is a **folkway**. While it is considered rude or inappropriate, it is not illegal or strictly enforced.\n\nThus, the correct order from **greatest to least** violation is: **taboo, folkways, the law, and mores**.  \n\nThe answer is (D).",
        "parsed_answer": "D",
        "correct": true
      },
      "current": {
        "iteration": 3,
        "type": "refine",
        "feedback": "The answer is (D).  \n\n**Feedback and Analysis:**\n\n1. **Medical Reasoning Correctness:**  \n   The explanation provided is **not medical reasoning** but rather **sociological or sociocultural analysis**. The question is not about a medical condition, diagnosis, or treatment, but about the classification of social behaviors into categories (taboo, folkways, mores, law). Therefore, the explanation is **not medical reasoning** in the traditional sense, but rather **sociological reasoning**. This is a key point to clarify, as the question is labeled as a \"college medicine\" question, which may imply a medical context. However, the question is actually a **sociology or social science** question, not a medical one.\n\n2. **Selected Option Accuracy Based on Medical Knowledge:**  \n   The selected option (D) is **not based on medical knowledge** but on **sociological classification**. Since the question is not medical, the answer is **not incorrect** in the context of the question, but it is **not a medical answer**. The question is mislabeled as a \"medical\" question, which may confuse students or test-takers expecting a medical focus.\n\n3. **Logical Errors or Misconceptions:**  \n   - The explanation contains a **logical inconsistency** in the classification of the first action: \"Consensual sexual intercourse with his sister.\" The explanation classifies this as a **taboo**, but this is **not universally true**. In many societies, especially more liberal ones, this may be considered a **mores** or even a **folkway**, depending on cultural norms. The explanation assumes a **traditional or conservative societal context**, which may not be universally applicable.\n   - The third action, \"Non-consensual sexual relations with an unknown woman,\" is correctly classified as **the law**, but the explanation incorrectly refers to it as a **taboo**. However, this is not a major error, as the classification of non-consensual sex as a **crime** (the law) is accurate.\n   - The fourth action, \"Vomits on the steps to the door of a local church,\" is correctly classified as a **folkway**, but the explanation could have been more precise in explaining why it is not a **mores** or **taboo**.\n\n4. **Evidence Supporting or Contradicting the Answer:**  \n   The answer (D) is **logically consistent** with the sociological classification of the actions as",
        "response": "The answer is (B).  \n\n**Explanation:**  \nThe question is not a medical question but a sociological one, asking to classify behaviors into categories of social norms (taboo, folkways, mores, and the law). While the original answer (D) was logically consistent with sociological reasoning, the feedback highlights that the question is mislabeled as a \"medical\" question, and the explanation should align with sociological principles rather than medical reasoning.  \n\nLet\u2019s reclassify the actions based on sociological definitions:  \n\n1. **Consensual sexual intercourse with his sister**: This is a **taboo** in many traditional societies due to the violation of familial boundaries and moral expectations.  \n2. **Leaves no tip at the bar**: This is a **folkway**, as it is a social expectation but not strictly enforced.  \n3. **Non-consensual sexual relations with an unknown woman**: This is a **crime** (violates the law) and also a **taboo** due to the lack of consent. However, since the question asks for the **greatest to least** violation, this is best classified as **the law**.  \n4. **Vomits on the steps to the door of a local church**: This is a **folkway**, as it is considered rude but not illegal or strictly enforced.  \n\nThus, the correct order from **greatest to least** violation is: **taboo, folkways, the law, and taboo**. However, since the options do not include this exact sequence, the closest and most accurate choice is **B**: **taboo, folkways, the law, and taboo**.  \n\nThe answer is (B).",
        "parsed_answer": "B",
        "correct": false
      }
    },
    {
      "example_id": 32,
      "iteration": 4,
      "example": {
        "question": "Assuming the circulatory system in humans obeys Bernoulli\u2019s principle of fluid dynamics, which of the statements most accurately compares the blood pressure in a capillary of the neck to a capillary with an equal crosssectional area in the right knee?",
        "subject": "college_medicine",
        "choices": [
          "The pressure in the neck is greater than the pressure in the knee because of the increase in pressure head",
          "The pressure in the neck is equal to the pressure in the knee because of the equal dynamic pressure according to the continuity equation",
          "The pressure in the knee is greater than the pressure in the neck because of the increase in pressure head",
          "An accurate comparison cannot be given without knowledge of the fluid\u2019s density and viscosity"
        ],
        "answer": 2
      },
      "previous": {
        "iteration": 3,
        "type": "refine",
        "feedback": "The answer is (C), but the explanation contains several inaccuracies and misconceptions that need to be addressed for clarity and correctness in a medical context. Below is a detailed, constructive feedback to improve the explanation:\n\n---\n\n### 1. **Is the medical reasoning correct?**  \n**Partial.**  \nThe reasoning in the explanation is **not entirely accurate** when applying Bernoulli\u2019s principle to the circulatory system. While the question assumes that the circulatory system obeys Bernoulli\u2019s principle, this is **not a valid assumption** in reality. Blood is a **viscous, compressible fluid**, and the circulatory system is **not a simple open pipe** with negligible friction or turbulence. Therefore, **Bernoulli\u2019s principle is not a valid model** for blood flow in the circulatory system. However, the question explicitly asks to **assume** that the system obeys Bernoulli\u2019s principle, so the answer must be based on that assumption.\n\n---\n\n### 2. **Is the selected option accurate based on medical knowledge?**  \n**Yes, under the assumption of Bernoulli\u2019s principle.**  \nOption **C** is correct **if we assume that the circulatory system follows Bernoulli\u2019s principle**. Under that assumption, **hydrostatic pressure increases with height due to gravity**, so the capillaries in the **lower body (knee)** would have **greater pressure** than those in the **upper body (neck)**. This is because **hydrostatic pressure increases with depth**, and the knee is lower than the neck, so blood has to \"work against gravity\" to return to the heart.\n\nHowever, **this is a theoretical assumption**, not a real-world medical fact. In reality, **blood pressure in capillaries is regulated by the heart, vascular resistance, and the Starling forces**, not by Bernoulli\u2019s principle.\n\n---\n\n### 3. **Are there any logical errors or misconceptions?**  \n**Yes.**  \n- **Misapplication of Bernoulli\u2019s principle**: The explanation incorrectly assumes that Bernoulli\u2019s principle applies to the circulatory system, which it does **not** in reality. The explanation should clarify that this is a **hypothetical assumption** made for the purpose of the question.\n- **Overemphasis on gravity**: While gravity does affect hydrostatic pressure, the explanation oversimplifies the role of gravity in the circulatory system. In reality, **blood pressure in capillaries is primarily determined by the heart\u2019s",
        "response": "The answer is (C).  \n\n**Explanation:**  \nThe question assumes that the circulatory system obeys Bernoulli\u2019s principle of fluid dynamics. Under this assumption, blood pressure in capillaries is influenced by **hydrostatic pressure**, which increases with height due to gravity. Since the **knee is lower than the neck**, the capillaries in the **knee** would experience **greater hydrostatic pressure** compared to those in the **neck**. This is consistent with the idea that **pressure increases with depth in a fluid column**, as described by Bernoulli\u2019s principle.  \n\nWhile it is important to note that **Bernoulli\u2019s principle is not a valid model for the circulatory system in reality**, the question explicitly asks to **assume** that it applies. Therefore, the correct answer based on this assumption is **(C)**.  \n\nThe answer is (C).",
        "parsed_answer": "C",
        "correct": true
      },
      "current": {
        "iteration": 4,
        "type": "refine",
        "feedback": "The answer is (C), but the explanation contains several inaccuracies and misconceptions that need to be addressed for a more accurate and medically sound response. Here's a detailed breakdown of the feedback:\n\n---\n\n### 1. **Is the medical reasoning correct?**\n\n**No.** The reasoning in the explanation is flawed in its application of **Bernoulli\u2019s principle** to the circulatory system. While the question assumes that the circulatory system obeys Bernoulli\u2019s principle, this is **not a valid assumption in reality**. The circulatory system is a **closed, pressurized system** driven by the heart, and it does **not behave like an open fluid system** under Bernoulli\u2019s principle. Therefore, the explanation incorrectly applies Bernoulli\u2019s principle to a system where it is not applicable.\n\n---\n\n### 2. **Is the selected option accurate based on medical knowledge?**\n\n**No.** The correct answer based on **actual medical knowledge** is **not (C)**. In reality, **blood pressure in capillaries is not significantly affected by height differences** due to the **constant hydrostatic pressure** maintained by the heart and the **resistance of the vascular system**. Capillaries in the neck and knee would have **similar pressures**, as the **hydrostatic pressure** is regulated by the **cardiac output** and **vascular resistance**, not by gravity alone.\n\nHowever, the question explicitly asks to **assume** that the circulatory system obeys Bernoulli\u2019s principle. In that hypothetical scenario, the explanation is **logically flawed**.\n\n---\n\n### 3. **Are there any logical errors or misconceptions?**\n\nYes, there are several:\n\n- **Misapplication of Bernoulli\u2019s principle**: Bernoulli\u2019s principle applies to **open fluid systems** where fluid flows freely and is not constrained by the body\u2019s circulatory system. The circulatory system is **closed**, and the **pressure is maintained by the heart**, not by gravitational forces.\n  \n- **Incorrect assumption about hydrostatic pressure**: The explanation assumes that **hydrostatic pressure increases with height**, which is true in **open fluid systems**, but **not in the circulatory system**, where pressure is regulated by the **cardiovascular system**.\n\n- **Misuse of the continuity equation**: The continuity equation relates **velocity and cross-sectional area**, but it is **not relevant** to the pressure in capillaries in this context.\n\n---\n\n### 4. **What evidence supports or contradicts this answer",
        "response": "The answer is (D).  \n\n**Explanation:**  \nThe question assumes that the circulatory system obeys Bernoulli\u2019s principle, but this is **not a valid assumption in reality**. In reality, the circulatory system is a **closed, pressurized system** driven by the heart, and **Bernoulli\u2019s principle does not apply** to it. Blood pressure in capillaries is primarily determined by **cardiac output, vascular resistance, and the autonomic nervous system**, not by gravitational forces or fluid dynamics as described by Bernoulli\u2019s principle.  \n\nSince the question explicitly asks to **assume** that the circulatory system obeys Bernoulli\u2019s principle, the **correct answer under that assumption** would require knowledge of **fluid density and viscosity**, which are **not provided in the question**. Therefore, **an accurate comparison cannot be made without this information**, making **option (D)** the most appropriate choice.  \n\nThe answer is (D).",
        "parsed_answer": "D",
        "correct": false
      }
    }
  ]
}